bin,py_i,py_q,rtl_i,rtl_q,py_mag,rtl_mag,diff_i,diff_q
0,16,0,16,0,16,16,0,0
1,16,0,16,0,16,16,0,0
2,16,0,16,0,16,16,0,0
3,16,0,16,0,16,16,0,0
4,16,0,16,0,16,16,0,0
5,15,1,15,1,16,16,0,0
6,15,1,15,1,16,16,0,0
7,15,1,15,1,16,16,0,0
8,15,1,15,1,16,16,0,0
9,15,2,15,2,17,17,0,0
10,15,2,15,2,17,17,0,0
11,15,2,15,2,17,17,0,0
12,15,2,15,2,17,17,0,0
13,15,3,15,3,18,18,0,0
14,15,3,15,3,18,18,0,0
15,15,3,15,3,18,18,0,0
16,15,3,15,3,18,18,0,0
17,15,4,15,4,19,19,0,0
18,15,4,15,4,19,19,0,0
19,15,4,15,4,19,19,0,0
20,15,4,15,4,19,19,0,0
21,15,5,15,5,20,20,0,0
22,15,5,15,5,20,20,0,0
23,15,5,15,5,20,20,0,0
24,14,5,14,5,19,19,0,0
25,14,5,14,5,19,19,0,0
26,14,6,14,6,20,20,0,0
27,14,6,14,6,20,20,0,0
28,14,6,14,6,20,20,0,0
29,14,6,14,6,20,20,0,0
30,14,7,14,7,21,21,0,0
31,14,7,14,7,21,21,0,0
32,14,7,14,7,21,21,0,0
33,14,7,14,7,21,21,0,0
34,13,7,13,7,20,20,0,0
35,13,8,13,8,21,21,0,0
36,13,8,13,8,21,21,0,0
37,13,8,13,8,21,21,0,0
38,13,8,13,8,21,21,0,0
39,13,8,13,8,21,21,0,0
40,13,9,13,9,22,22,0,0
41,12,9,12,9,21,21,0,0
42,12,9,12,9,21,21,0,0
43,12,9,12,9,21,21,0,0
44,12,9,12,9,21,21,0,0
45,12,10,12,10,22,22,0,0
46,12,10,12,10,22,22,0,0
47,12,10,12,10,22,22,0,0
48,11,10,11,10,21,21,0,0
49,11,10,11,10,21,21,0,0
50,11,11,11,11,22,22,0,0
51,11,11,11,11,22,22,0,0
52,11,11,11,11,22,22,0,0
53,11,11,11,11,22,22,0,0
54,10,11,10,11,21,21,0,0
55,10,11,10,11,21,21,0,0
56,10,12,10,12,22,22,0,0
57,10,12,10,12,22,22,0,0
58,10,12,10,12,22,22,0,0
59,9,12,9,12,21,21,0,0
60,9,12,9,12,21,21,0,0
61,9,12,9,12,21,21,0,0
62,9,13,9,13,22,22,0,0
63,9,13,9,13,22,22,0,0
64,8,13,8,13,21,21,0,0
65,8,13,8,13,21,21,0,0
66,8,13,8,13,21,21,0,0
67,8,13,8,13,21,21,0,0
68,8,13,8,13,21,21,0,0
69,7,13,7,13,20,20,0,0
70,7,14,7,14,21,21,0,0
71,7,14,7,14,21,21,0,0
72,7,14,7,14,21,21,0,0
73,6,14,6,14,20,20,0,0
74,6,14,6,14,20,20,0,0
75,6,14,6,14,20,20,0,0
76,6,14,6,14,20,20,0,0
77,6,14,6,14,20,20,0,0
78,5,14,5,14,19,19,0,0
79,5,14,5,14,19,19,0,0
80,5,15,5,15,20,20,0,0
81,5,15,5,15,20,20,0,0
82,4,15,4,15,19,19,0,0
83,4,15,4,15,19,19,0,0
84,4,15,4,15,19,19,0,0
85,4,15,4,15,19,19,0,0
86,4,15,4,15,19,19,0,0
87,3,15,3,15,18,18,0,0
88,3,15,3,15,18,18,0,0
89,3,15,3,15,18,18,0,0
90,3,15,3,15,18,18,0,0
91,2,15,2,15,17,17,0,0
92,2,15,2,15,17,17,0,0
93,2,15,2,15,17,17,0,0
94,2,15,2,15,17,17,0,0
95,1,15,1,15,16,16,0,0
96,1,15,1,15,16,16,0,0
97,1,15,1,15,16,16,0,0
98,1,15,1,15,16,16,0,0
99,0,15,0,15,15,15,0,0
100,0,15,0,15,15,15,0,0
101,0,15,0,15,15,15,0,0
102,0,15,0,15,15,15,0,0
103,-1,15,-1,15,16,16,0,0
104,-1,15,-1,15,16,16,0,0
105,-1,15,-1,15,16,16,0,0
106,-1,15,-1,15,16,16,0,0
107,-2,15,-2,15,17,17,0,0
108,-2,15,-2,15,17,17,0,0
109,-2,15,-2,15,17,17,0,0
110,-2,15,-2,15,17,17,0,0
111,-3,15,-3,15,18,18,0,0
112,-3,15,-3,15,18,18,0,0
113,-3,15,-3,15,18,18,0,0
114,-3,15,-3,15,18,18,0,0
115,-4,15,-4,15,19,19,0,0
116,-4,15,-4,15,19,19,0,0
117,-4,15,-4,15,19,19,0,0
118,-4,15,-4,15,19,19,0,0
119,-5,15,-5,15,20,20,0,0
120,-5,15,-5,15,20,20,0,0
121,-5,15,-5,15,20,20,0,0
122,-5,15,-5,15,20,20,0,0
123,-5,15,-5,15,20,20,0,0
124,-6,15,-6,15,21,21,0,0
125,-6,15,-6,15,21,21,0,0
126,-6,14,-6,14,20,20,0,0
127,-6,14,-6,14,20,20,0,0
128,-7,14,-7,14,21,21,0,0
129,-7,14,-7,14,21,21,0,0
130,-7,14,-7,14,21,21,0,0
131,-7,14,-7,14,21,21,0,0
132,-7,14,-7,14,21,21,0,0
133,-8,14,-8,14,22,22,0,0
134,-8,14,-8,14,22,22,0,0
135,-8,14,-8,14,22,22,0,0
136,-8,13,-8,13,21,21,0,0
137,-9,13,-9,13,22,22,0,0
138,-9,13,-9,13,22,22,0,0
139,-9,13,-9,13,22,22,0,0
140,-9,13,-9,13,22,22,0,0
141,-9,13,-9,13,22,22,0,0
142,-10,13,-10,13,23,23,0,0
143,-10,12,-10,12,22,22,0,0
144,-10,12,-10,12,22,22,0,0
145,-10,12,-10,12,22,22,0,0
146,-10,12,-10,12,22,22,0,0
147,-11,12,-11,12,23,23,0,0
148,-11,12,-11,12,23,23,0,0
149,-11,12,-11,12,23,23,0,0
150,-11,11,-11,11,22,22,0,0
151,-11,11,-11,11,22,22,0,0
152,-12,11,-12,11,23,23,0,0
153,-12,11,-12,11,23,23,0,0
154,-12,11,-12,11,23,23,0,0
155,-12,11,-12,11,23,23,0,0
156,-12,10,-12,10,22,22,0,0
157,-12,10,-12,10,22,22,0,0
158,-13,10,-13,10,23,23,0,0
159,-13,10,-13,10,23,23,0,0
160,-13,10,-13,10,23,23,0,0
161,-13,9,-13,9,22,22,0,0
162,-13,9,-13,9,22,22,0,0
163,-13,9,-13,9,22,22,0,0
164,-13,9,-13,9,22,22,0,0
165,-14,9,-14,9,23,23,0,0
166,-14,8,-14,8,22,22,0,0
167,-14,8,-14,8,22,22,0,0
168,-14,8,-14,8,22,22,0,0
169,-14,8,-14,8,22,22,0,0
170,-14,8,-14,8,22,22,0,0
171,-14,7,-14,7,21,21,0,0
172,-14,7,-14,7,21,21,0,0
173,-15,7,-15,7,22,22,0,0
174,-15,7,-15,7,22,22,0,0
175,-15,7,-15,7,22,22,0,0
176,-15,6,-15,6,21,21,0,0
177,-15,6,-15,6,21,21,0,0
178,-15,6,-15,6,21,21,0,0
179,-15,6,-15,6,21,21,0,0
180,-15,5,-15,5,20,20,0,0
181,-15,5,-15,5,20,20,0,0
182,-16,5,-16,5,21,21,0,0
183,-16,5,-16,5,21,21,0,0
184,-16,5,-16,5,21,21,0,0
185,-16,4,-16,4,20,20,0,0
186,-16,4,-16,4,20,20,0,0
187,-16,4,-16,4,20,20,0,0
188,-16,4,-16,4,20,20,0,0
189,-16,3,-16,3,19,19,0,0
190,-16,3,-16,3,19,19,0,0
191,-16,3,-16,3,19,19,0,0
192,-16,3,-16,3,19,19,0,0
193,-16,2,-16,2,18,18,0,0
194,-16,2,-16,2,18,18,0,0
195,-16,2,-16,2,18,18,0,0
196,-16,2,-16,2,18,18,0,0
197,-16,1,-16,1,17,17,0,0
198,-16,1,-16,1,17,17,0,0
199,-16,1,-16,1,17,17,0,0
200,-16,1,-16,1,17,17,0,0
201,-16,0,-16,0,16,16,0,0
202,-16,0,-16,0,16,16,0,0
203,-16,0,-16,0,16,16,0,0
204,-16,0,-16,0,16,16,0,0
205,-16,-1,-16,-1,17,17,0,0
206,-16,-1,-16,-1,17,17,0,0
207,-16,-1,-16,-1,17,17,0,0
208,-16,-1,-16,-1,17,17,0,0
209,-16,-2,-16,-2,18,18,0,0
210,-16,-2,-16,-2,18,18,0,0
211,-16,-2,-16,-2,18,18,0,0
212,-16,-2,-16,-2,18,18,0,0
213,-16,-3,-16,-3,19,19,0,0
214,-16,-3,-16,-3,19,19,0,0
215,-16,-3,-16,-3,19,19,0,0
216,-16,-3,-16,-3,19,19,0,0
217,-16,-3,-16,-3,19,19,0,0
218,-16,-4,-16,-4,20,20,0,0
219,-16,-4,-16,-4,20,20,0,0
220,-16,-4,-16,-4,20,20,0,0
221,-16,-4,-16,-4,20,20,0,0
222,-16,-5,-16,-5,21,21,0,0
223,-16,-5,-16,-5,21,21,0,0
224,-16,-5,-16,-5,21,21,0,0
225,-16,-5,-16,-5,21,21,0,0
226,-16,-6,-16,-6,22,22,0,0
227,-16,-6,-16,-6,22,22,0,0
228,-15,-6,-15,-6,21,21,0,0
229,-15,-6,-15,-6,21,21,0,0
230,-15,-7,-15,-7,22,22,0,0
231,-15,-7,-15,-7,22,22,0,0
232,-15,-7,-15,-7,22,22,0,0
233,-15,-7,-15,-7,22,22,0,0
234,-15,-7,-15,-7,22,22,0,0
235,-15,-8,-15,-8,23,23,0,0
236,-15,-8,-15,-8,23,23,0,0
237,-15,-8,-15,-8,23,23,0,0
238,-14,-8,-14,-8,22,22,0,0
239,-14,-9,-14,-9,23,23,0,0
240,-14,-9,-14,-9,23,23,0,0
241,-14,-9,-14,-9,23,23,0,0
242,-14,-9,-14,-9,23,23,0,0
243,-14,-9,-14,-9,23,23,0,0
244,-14,-10,-14,-10,24,24,0,0
245,-14,-10,-14,-10,24,24,0,0
246,-13,-10,-13,-10,23,23,0,0
247,-13,-10,-13,-10,23,23,0,0
248,-13,-10,-13,-10,23,23,0,0
249,-13,-11,-13,-11,24,24,0,0
250,-13,-11,-13,-11,24,24,0,0
251,-13,-11,-13,-11,24,24,0,0
252,-12,-11,-12,-11,23,23,0,0
253,-12,-11,-12,-11,23,23,0,0
254,-12,-11,-12,-11,23,23,0,0
255,-12,-12,-12,-12,24,24,0,0
256,-12,-12,-12,-12,24,24,0,0
257,-12,-12,-12,-12,24,24,0,0
258,-11,-12,-11,-12,23,23,0,0
259,-11,-12,-11,-12,23,23,0,0
260,-11,-12,-11,-12,23,23,0,0
261,-11,-13,-11,-13,24,24,0,0
262,-11,-13,-11,-13,24,24,0,0
263,-11,-13,-11,-13,24,24,0,0
264,-10,-13,-10,-13,23,23,0,0
265,-10,-13,-10,-13,23,23,0,0
266,-10,-13,-10,-13,23,23,0,0
267,-10,-14,-10,-14,24,24,0,0
268,-10,-14,-10,-14,24,24,0,0
269,-9,-14,-9,-14,23,23,0,0
270,-9,-14,-9,-14,23,23,0,0
271,-9,-14,-9,-14,23,23,0,0
272,-9,-14,-9,-14,23,23,0,0
273,-8,-14,-8,-14,22,22,0,0
274,-8,-14,-8,-14,22,22,0,0
275,-8,-15,-8,-15,23,23,0,0
276,-8,-15,-8,-15,23,23,0,0
277,-8,-15,-8,-15,23,23,0,0
278,-7,-15,-7,-15,22,22,0,0
279,-7,-15,-7,-15,22,22,0,0
280,-7,-15,-7,-15,22,22,0,0
281,-7,-15,-7,-15,22,22,0,0
282,-7,-15,-7,-15,22,22,0,0
283,-6,-15,-6,-15,21,21,0,0
284,-6,-16,-6,-16,22,22,0,0
285,-6,-16,-6,-16,22,22,0,0
286,-6,-16,-6,-16,22,22,0,0
287,-5,-16,-5,-16,21,21,0,0
288,-5,-16,-5,-16,21,21,0,0
289,-5,-16,-5,-16,21,21,0,0
290,-5,-16,-5,-16,21,21,0,0
291,-4,-16,-4,-16,20,20,0,0
292,-4,-16,-4,-16,20,20,0,0
293,-4,-16,-4,-16,20,20,0,0
294,-4,-16,-4,-16,20,20,0,0
295,-3,-16,-3,-16,19,19,0,0
296,-3,-16,-3,-16,19,19,0,0
297,-3,-16,-3,-16,19,19,0,0
298,-3,-16,-3,-16,19,19,0,0
299,-2,-16,-2,-16,18,18,0,0
300,-2,-16,-2,-16,18,18,0,0
301,-2,-16,-2,-16,18,18,0,0
302,-2,-16,-2,-16,18,18,0,0
303,-2,-16,-2,-16,18,18,0,0
304,-1,-16,-1,-16,17,17,0,0
305,-1,-17,-1,-17,18,18,0,0
306,-1,-17,-1,-17,18,18,0,0
307,-1,-17,-1,-17,18,18,0,0
308,0,-17,0,-17,17,17,0,0
309,0,-17,0,-17,17,17,0,0
310,0,-16,0,-16,16,16,0,0
311,0,-16,0,-16,16,16,0,0
312,1,-16,1,-16,17,17,0,0
313,1,-16,1,-16,17,17,0,0
314,1,-16,1,-16,17,17,0,0
315,1,-16,1,-16,17,17,0,0
316,2,-16,2,-16,18,18,0,0
317,2,-16,2,-16,18,18,0,0
318,2,-16,2,-16,18,18,0,0
319,2,-16,2,-16,18,18,0,0
320,3,-16,3,-16,19,19,0,0
321,3,-16,3,-16,19,19,0,0
322,3,-16,3,-16,19,19,0,0
323,3,-16,3,-16,19,19,0,0
324,4,-16,4,-16,20,20,0,0
325,4,-16,4,-16,20,20,0,0
326,4,-16,4,-16,20,20,0,0
327,4,-16,4,-16,20,20,0,0
328,5,-16,5,-16,21,21,0,0
329,5,-16,5,-16,21,21,0,0
330,5,-16,5,-16,21,21,0,0
331,5,-15,5,-15,20,20,0,0
332,5,-15,5,-15,20,20,0,0
333,6,-15,6,-15,21,21,0,0
334,6,-15,6,-15,21,21,0,0
335,6,-15,6,-15,21,21,0,0
336,6,-15,6,-15,21,21,0,0
337,7,-15,7,-15,22,22,0,0
338,7,-15,7,-15,22,22,0,0
339,7,-15,7,-15,22,22,0,0
340,7,-15,7,-15,22,22,0,0
341,7,-14,7,-14,21,21,0,0
342,8,-14,8,-14,22,22,0,0
343,8,-14,8,-14,22,22,0,0
344,8,-14,8,-14,22,22,0,0
345,8,-14,8,-14,22,22,0,0
346,8,-14,8,-14,22,22,0,0
347,9,-14,9,-14,23,23,0,0
348,9,-13,9,-13,22,22,0,0
349,9,-13,9,-13,22,22,0,0
350,9,-13,9,-13,22,22,0,0
351,9,-13,9,-13,22,22,0,0
352,10,-13,10,-13,23,23,0,0
353,10,-13,10,-13,23,23,0,0
354,10,-13,10,-13,23,23,0,0
355,10,-12,10,-12,22,22,0,0
356,10,-12,10,-12,22,22,0,0
357,11,-12,11,-12,23,23,0,0
358,11,-12,11,-12,23,23,0,0
359,11,-12,11,-12,23,23,0,0
360,11,-12,11,-12,23,23,0,0
361,11,-11,11,-11,22,22,0,0
362,11,-11,11,-11,22,22,0,0
363,12,-11,12,-11,23,23,0,0
364,12,-11,12,-11,23,23,0,0
365,12,-11,12,-11,23,23,0,0
366,12,-10,12,-10,22,22,0,0
367,12,-10,12,-10,22,22,0,0
368,12,-10,12,-10,22,22,0,0
369,13,-10,13,-10,23,23,0,0
370,13,-10,13,-10,23,23,0,0
371,13,-9,13,-9,22,22,0,0
372,13,-9,13,-9,22,22,0,0
373,13,-9,13,-9,22,22,0,0
374,13,-9,13,-9,22,22,0,0
375,13,-9,13,-9,22,22,0,0
376,13,-8,13,-8,21,21,0,0
377,14,-8,14,-8,22,22,0,0
378,14,-8,14,-8,22,22,0,0
379,14,-8,14,-8,22,22,0,0
380,14,-8,14,-8,22,22,0,0
381,14,-7,14,-7,21,21,0,0
382,14,-7,14,-7,21,21,0,0
383,14,-7,14,-7,21,21,0,0
384,14,-7,14,-7,21,21,0,0
385,14,-6,14,-6,20,20,0,0
386,14,-6,14,-6,20,20,0,0
387,15,-6,15,-6,21,21,0,0
388,15,-6,15,-6,21,21,0,0
389,15,-5,15,-5,20,20,0,0
390,15,-5,15,-5,20,20,0,0
391,15,-5,15,-5,20,20,0,0
392,15,-5,15,-5,20,20,0,0
393,15,-5,15,-5,20,20,0,0
394,15,-4,15,-4,19,19,0,0
395,15,-4,15,-4,19,19,0,0
396,15,-4,15,-4,19,19,0,0
397,15,-4,15,-4,19,19,0,0
398,15,-3,15,-3,18,18,0,0
399,15,-3,15,-3,18,18,0,0
400,15,-3,15,-3,18,18,0,0
401,15,-3,15,-3,18,18,0,0
402,15,-2,15,-2,17,17,0,0
403,15,-2,15,-2,17,17,0,0
404,15,-2,15,-2,17,17,0,0
405,15,-2,15,-2,17,17,0,0
406,15,-1,15,-1,16,16,0,0
407,15,-1,15,-1,16,16,0,0
408,16,-1,16,-1,17,17,0,0
409,16,-1,16,-1,17,17,0,0
410,16,0,16,0,16,16,0,0
411,16,0,16,0,16,16,0,0
412,15,0,15,0,15,15,0,0
413,15,0,15,0,15,15,0,0
414,15,1,15,1,16,16,0,0
415,15,1,15,1,16,16,0,0
416,15,1,15,1,16,16,0,0
417,15,1,15,1,16,16,0,0
418,15,2,15,2,17,17,0,0
419,15,2,15,2,17,17,0,0
420,15,2,15,2,17,17,0,0
421,15,2,15,2,17,17,0,0
422,15,3,15,3,18,18,0,0
423,15,3,15,3,18,18,0,0
424,15,3,15,3,18,18,0,0
425,15,3,15,3,18,18,0,0
426,15,3,15,3,18,18,0,0
427,15,4,15,4,19,19,0,0
428,15,4,15,4,19,19,0,0
429,15,4,15,4,19,19,0,0
430,15,4,15,4,19,19,0,0
431,15,5,15,5,20,20,0,0
432,15,5,15,5,20,20,0,0
433,14,5,14,5,19,19,0,0
434,14,5,14,5,19,19,0,0
435,14,6,14,6,20,20,0,0
436,14,6,14,6,20,20,0,0
437,14,6,14,6,20,20,0,0
438,14,6,14,6,20,20,0,0
439,14,6,14,6,20,20,0,0
440,14,7,14,7,21,21,0,0
441,14,7,14,7,21,21,0,0
442,14,7,14,7,21,21,0,0
443,13,7,13,7,20,20,0,0
444,13,8,13,8,21,21,0,0
445,13,8,13,8,21,21,0,0
446,13,8,13,8,21,21,0,0
447,13,8,13,8,21,21,0,0
448,13,8,13,8,21,21,0,0
449,13,9,13,9,22,22,0,0
450,13,9,13,9,22,22,0,0
451,12,9,12,9,21,21,0,0
452,12,9,12,9,21,21,0,0
453,12,9,12,9,21,21,0,0
454,12,10,12,10,22,22,0,0
455,12,10,12,10,22,22,0,0
456,12,10,12,10,22,22,0,0
457,11,10,11,10,21,21,0,0
458,11,10,11,10,21,21,0,0
459,11,10,11,10,21,21,0,0
460,11,11,11,11,22,22,0,0
461,11,11,11,11,22,22,0,0
462,11,11,11,11,22,22,0,0
463,10,11,10,11,21,21,0,0
464,10,11,10,11,21,21,0,0
465,10,12,10,12,22,22,0,0
466,10,12,10,12,22,22,0,0
467,10,12,10,12,22,22,0,0
468,10,12,10,12,22,22,0,0
469,9,12,9,12,21,21,0,0
470,9,12,9,12,21,21,0,0
471,9,12,9,12,21,21,0,0
472,9,13,9,13,22,22,0,0
473,9,13,9,13,22,22,0,0
474,8,13,8,13,21,21,0,0
475,8,13,8,13,21,21,0,0
476,8,13,8,13,21,21,0,0
477,8,13,8,13,21,21,0,0
478,7,13,7,13,20,20,0,0
479,7,13,7,13,20,20,0,0
480,7,14,7,14,21,21,0,0
481,7,14,7,14,21,21,0,0
482,7,14,7,14,21,21,0,0
483,6,14,6,14,20,20,0,0
484,6,14,6,14,20,20,0,0
485,6,14,6,14,20,20,0,0
486,6,14,6,14,20,20,0,0
487,5,14,5,14,19,19,0,0
488,5,14,5,14,19,19,0,0
489,5,15,5,15,20,20,0,0
490,5,15,5,15,20,20,0,0
491,5,15,5,15,20,20,0,0
492,4,15,4,15,19,19,0,0
493,4,15,4,15,19,19,0,0
494,4,15,4,15,19,19,0,0
495,4,15,4,15,19,19,0,0
496,3,15,3,15,18,18,0,0
497,3,15,3,15,18,18,0,0
498,3,15,3,15,18,18,0,0
499,3,15,3,15,18,18,0,0
500,2,15,2,15,17,17,0,0
501,2,15,2,15,17,17,0,0
502,2,15,2,15,17,17,0,0
503,2,15,2,15,17,17,0,0
504,1,15,1,15,16,16,0,0
505,1,15,1,15,16,16,0,0
506,1,15,1,15,16,16,0,0
507,1,15,1,15,16,16,0,0
508,0,15,0,15,15,15,0,0
509,0,15,0,15,15,15,0,0
510,0,15,0,15,15,15,0,0
511,0,15,0,15,15,15,0,0
512,0,15,0,15,15,15,0,0
513,-1,15,-1,15,16,16,0,0
514,-1,15,-1,15,16,16,0,0
515,-1,15,-1,15,16,16,0,0
516,-1,15,-1,15,16,16,0,0
517,-2,15,-2,15,17,17,0,0
518,-2,15,-2,15,17,17,0,0
519,-2,15,-2,15,17,17,0,0
520,-2,15,-2,15,17,17,0,0
521,-3,15,-3,15,18,18,0,0
522,-3,15,-3,15,18,18,0,0
523,-3,15,-3,15,18,18,0,0
524,-3,15,-3,15,18,18,0,0
525,-4,15,-4,15,19,19,0,0
526,-4,15,-4,15,19,19,0,0
527,-4,15,-4,15,19,19,0,0
528,-4,15,-4,15,19,19,0,0
529,-5,15,-5,15,20,20,0,0
530,-5,15,-5,15,20,20,0,0
531,-5,15,-5,15,20,20,0,0
532,-5,15,-5,15,20,20,0,0
533,-6,15,-6,15,21,21,0,0
534,-6,15,-6,15,21,21,0,0
535,-6,15,-6,15,21,21,0,0
536,-6,14,-6,14,20,20,0,0
537,-6,14,-6,14,20,20,0,0
538,-7,14,-7,14,21,21,0,0
539,-7,14,-7,14,21,21,0,0
540,-7,14,-7,14,21,21,0,0
541,-7,14,-7,14,21,21,0,0
542,-8,14,-8,14,22,22,0,0
543,-8,14,-8,14,22,22,0,0
544,-8,14,-8,14,22,22,0,0
545,-8,13,-8,13,21,21,0,0
546,-8,13,-8,13,21,21,0,0
547,-9,13,-9,13,22,22,0,0
548,-9,13,-9,13,22,22,0,0
549,-9,13,-9,13,22,22,0,0
550,-9,13,-9,13,22,22,0,0
551,-10,13,-10,13,23,23,0,0
552,-10,13,-10,13,23,23,0,0
553,-10,12,-10,12,22,22,0,0
554,-10,12,-10,12,22,22,0,0
555,-10,12,-10,12,22,22,0,0
556,-10,12,-10,12,22,22,0,0
557,-11,12,-11,12,23,23,0,0
558,-11,12,-11,12,23,23,0,0
559,-11,12,-11,12,23,23,0,0
560,-11,11,-11,11,22,22,0,0
561,-11,11,-11,11,22,22,0,0
562,-12,11,-12,11,23,23,0,0
563,-12,11,-12,11,23,23,0,0
564,-12,11,-12,11,23,23,0,0
565,-12,10,-12,10,22,22,0,0
566,-12,10,-12,10,22,22,0,0
567,-12,10,-12,10,22,22,0,0
568,-13,10,-13,10,23,23,0,0
569,-13,10,-13,10,23,23,0,0
570,-13,10,-13,10,23,23,0,0
571,-13,9,-13,9,22,22,0,0
572,-13,9,-13,9,22,22,0,0
573,-13,9,-13,9,22,22,0,0
574,-14,9,-14,9,23,23,0,0
575,-14,9,-14,9,23,23,0,0
576,-14,8,-14,8,22,22,0,0
577,-14,8,-14,8,22,22,0,0
578,-14,8,-14,8,22,22,0,0
579,-14,8,-14,8,22,22,0,0
580,-14,8,-14,8,22,22,0,0
581,-14,7,-14,7,21,21,0,0
582,-15,7,-15,7,22,22,0,0
583,-15,7,-15,7,22,22,0,0
584,-15,7,-15,7,22,22,0,0
585,-15,6,-15,6,21,21,0,0
586,-15,6,-15,6,21,21,0,0
587,-15,6,-15,6,21,21,0,0
588,-15,6,-15,6,21,21,0,0
589,-15,6,-15,6,21,21,0,0
590,-15,5,-15,5,20,20,0,0
591,-15,5,-15,5,20,20,0,0
592,-16,5,-16,5,21,21,0,0
593,-16,5,-16,5,21,21,0,0
594,-16,4,-16,4,20,20,0,0
595,-16,4,-16,4,20,20,0,0
596,-16,4,-16,4,20,20,0,0
597,-16,4,-16,4,20,20,0,0
598,-16,3,-16,3,19,19,0,0
599,-16,3,-16,3,19,19,0,0
600,-16,3,-16,3,19,19,0,0
601,-16,3,-16,3,19,19,0,0
602,-16,3,-16,3,19,19,0,0
603,-16,2,-16,2,18,18,0,0
604,-16,2,-16,2,18,18,0,0
605,-16,2,-16,2,18,18,0,0
606,-16,2,-16,2,18,18,0,0
607,-16,1,-16,1,17,17,0,0
608,-16,1,-16,1,17,17,0,0
609,-16,1,-16,1,17,17,0,0
610,-16,1,-16,1,17,17,0,0
611,-16,0,-16,0,16,16,0,0
612,-16,0,-16,0,16,16,0,0
613,-16,0,-16,0,16,16,0,0
614,-16,0,-16,0,16,16,0,0
615,-16,-1,-16,-1,17,17,0,0
616,-16,-1,-16,-1,17,17,0,0
617,-16,-1,-16,-1,17,17,0,0
618,-16,-1,-16,-1,17,17,0,0
619,-16,-2,-16,-2,18,18,0,0
620,-16,-2,-16,-2,18,18,0,0
621,-16,-2,-16,-2,18,18,0,0
622,-16,-2,-16,-2,18,18,0,0
623,-16,-3,-16,-3,19,19,0,0
624,-16,-3,-16,-3,19,19,0,0
625,-16,-3,-16,-3,19,19,0,0
626,-16,-3,-16,-3,19,19,0,0
627,-16,-4,-16,-4,20,20,0,0
628,-16,-4,-16,-4,20,20,0,0
629,-16,-4,-16,-4,20,20,0,0
630,-16,-4,-16,-4,20,20,0,0
631,-16,-5,-16,-5,21,21,0,0
632,-16,-5,-16,-5,21,21,0,0
633,-16,-5,-16,-5,21,21,0,0
634,-16,-5,-16,-5,21,21,0,0
635,-16,-5,-16,-5,21,21,0,0
636,-16,-6,-16,-6,22,22,0,0
637,-16,-6,-16,-6,22,22,0,0
638,-15,-6,-15,-6,21,21,0,0
639,-15,-6,-15,-6,21,21,0,0
640,-15,-7,-15,-7,22,22,0,0
641,-15,-7,-15,-7,22,22,0,0
642,-15,-7,-15,-7,22,22,0,0
643,-15,-7,-15,-7,22,22,0,0
644,-15,-8,-15,-8,23,23,0,0
645,-15,-8,-15,-8,23,23,0,0
646,-15,-8,-15,-8,23,23,0,0
647,-15,-8,-15,-8,23,23,0,0
648,-14,-8,-14,-8,22,22,0,0
649,-14,-9,-14,-9,23,23,0,0
650,-14,-9,-14,-9,23,23,0,0
651,-14,-9,-14,-9,23,23,0,0
652,-14,-9,-14,-9,23,23,0,0
653,-14,-9,-14,-9,23,23,0,0
654,-14,-10,-14,-10,24,24,0,0
655,-13,-10,-13,-10,23,23,0,0
656,-13,-10,-13,-10,23,23,0,0
657,-13,-10,-13,-10,23,23,0,0
658,-13,-10,-13,-10,23,23,0,0
659,-13,-11,-13,-11,24,24,0,0
660,-13,-11,-13,-11,24,24,0,0
661,-13,-11,-13,-11,24,24,0,0
662,-12,-11,-12,-11,23,23,0,0
663,-12,-11,-12,-11,23,23,0,0
664,-12,-12,-12,-12,24,24,0,0
665,-12,-12,-12,-12,24,24,0,0
666,-12,-12,-12,-12,24,24,0,0
667,-12,-12,-12,-12,24,24,0,0
668,-11,-12,-11,-12,23,23,0,0
669,-11,-12,-11,-12,23,23,0,0
670,-11,-13,-11,-13,24,24,0,0
671,-11,-13,-11,-13,24,24,0,0
672,-11,-13,-11,-13,24,24,0,0
673,-10,-13,-10,-13,23,23,0,0
674,-10,-13,-10,-13,23,23,0,0
675,-10,-13,-10,-13,23,23,0,0
676,-10,-13,-10,-13,23,23,0,0
677,-10,-14,-10,-14,24,24,0,0
678,-9,-14,-9,-14,23,23,0,0
679,-9,-14,-9,-14,23,23,0,0
680,-9,-14,-9,-14,23,23,0,0
681,-9,-14,-9,-14,23,23,0,0
682,-9,-14,-9,-14,23,23,0,0
683,-8,-14,-8,-14,22,22,0,0
684,-8,-15,-8,-15,23,23,0,0
685,-8,-15,-8,-15,23,23,0,0
686,-8,-15,-8,-15,23,23,0,0
687,-8,-15,-8,-15,23,23,0,0
688,-7,-15,-7,-15,22,22,0,0
689,-7,-15,-7,-15,22,22,0,0
690,-7,-15,-7,-15,22,22,0,0
691,-7,-15,-7,-15,22,22,0,0
692,-6,-15,-6,-15,21,21,0,0
693,-6,-15,-6,-15,21,21,0,0
694,-6,-16,-6,-16,22,22,0,0
695,-6,-16,-6,-16,22,22,0,0
696,-6,-16,-6,-16,22,22,0,0
697,-5,-16,-5,-16,21,21,0,0
698,-5,-16,-5,-16,21,21,0,0
699,-5,-16,-5,-16,21,21,0,0
700,-5,-16,-5,-16,21,21,0,0
701,-4,-16,-4,-16,20,20,0,0
702,-4,-16,-4,-16,20,20,0,0
703,-4,-16,-4,-16,20,20,0,0
704,-4,-16,-4,-16,20,20,0,0
705,-3,-16,-3,-16,19,19,0,0
706,-3,-16,-3,-16,19,19,0,0
707,-3,-16,-3,-16,19,19,0,0
708,-3,-16,-3,-16,19,19,0,0
709,-2,-16,-2,-16,18,18,0,0
710,-2,-16,-2,-16,18,18,0,0
711,-2,-16,-2,-16,18,18,0,0
712,-2,-16,-2,-16,18,18,0,0
713,-1,-16,-1,-16,17,17,0,0
714,-1,-16,-1,-16,17,17,0,0
715,-1,-16,-1,-16,17,17,0,0
716,-1,-17,-1,-17,18,18,0,0
717,0,-17,0,-17,17,17,0,0
718,0,-17,0,-17,17,17,0,0
719,0,-16,0,-16,16,16,0,0
720,0,-16,0,-16,16,16,0,0
721,1,-16,1,-16,17,17,0,0
722,1,-16,1,-16,17,17,0,0
723,1,-16,1,-16,17,17,0,0
724,1,-16,1,-16,17,17,0,0
725,2,-16,2,-16,18,18,0,0
726,2,-16,2,-16,18,18,0,0
727,2,-16,2,-16,18,18,0,0
728,2,-16,2,-16,18,18,0,0
729,2,-16,2,-16,18,18,0,0
730,3,-16,3,-16,19,19,0,0
731,3,-16,3,-16,19,19,0,0
732,3,-16,3,-16,19,19,0,0
733,3,-16,3,-16,19,19,0,0
734,4,-16,4,-16,20,20,0,0
735,4,-16,4,-16,20,20,0,0
736,4,-16,4,-16,20,20,0,0
737,4,-16,4,-16,20,20,0,0
738,5,-16,5,-16,21,21,0,0
739,5,-16,5,-16,21,21,0,0
740,5,-16,5,-16,21,21,0,0
741,5,-15,5,-15,20,20,0,0
742,6,-15,6,-15,21,21,0,0
743,6,-15,6,-15,21,21,0,0
744,6,-15,6,-15,21,21,0,0
745,6,-15,6,-15,21,21,0,0
746,6,-15,6,-15,21,21,0,0
747,7,-15,7,-15,22,22,0,0
748,7,-15,7,-15,22,22,0,0
749,7,-15,7,-15,22,22,0,0
750,7,-14,7,-14,21,21,0,0
751,8,-14,8,-14,22,22,0,0
752,8,-14,8,-14,22,22,0,0
753,8,-14,8,-14,22,22,0,0
754,8,-14,8,-14,22,22,0,0
755,8,-14,8,-14,22,22,0,0
756,9,-14,9,-14,23,23,0,0
757,9,-14,9,-14,23,23,0,0
758,9,-13,9,-13,22,22,0,0
759,9,-13,9,-13,22,22,0,0
760,9,-13,9,-13,22,22,0,0
761,10,-13,10,-13,23,23,0,0
762,10,-13,10,-13,23,23,0,0
763,10,-13,10,-13,23,23,0,0
764,10,-12,10,-12,22,22,0,0
765,10,-12,10,-12,22,22,0,0
766,10,-12,10,-12,22,22,0,0
767,11,-12,11,-12,23,23,0,0
768,11,-12,11,-12,23,23,0,0
769,11,-12,11,-12,23,23,0,0
770,11,-11,11,-11,22,22,0,0
771,11,-11,11,-11,22,22,0,0
772,11,-11,11,-11,22,22,0,0
773,12,-11,12,-11,23,23,0,0
774,12,-11,12,-11,23,23,0,0
775,12,-11,12,-11,23,23,0,0
776,12,-10,12,-10,22,22,0,0
777,12,-10,12,-10,22,22,0,0
778,12,-10,12,-10,22,22,0,0
779,13,-10,13,-10,23,23,0,0
780,13,-10,13,-10,23,23,0,0
781,13,-9,13,-9,22,22,0,0
782,13,-9,13,-9,22,22,0,0
783,13,-9,13,-9,22,22,0,0
784,13,-9,13,-9,22,22,0,0
785,13,-9,13,-9,22,22,0,0
786,13,-8,13,-8,21,21,0,0
787,14,-8,14,-8,22,22,0,0
788,14,-8,14,-8,22,22,0,0
789,14,-8,14,-8,22,22,0,0
790,14,-7,14,-7,21,21,0,0
791,14,-7,14,-7,21,21,0,0
792,14,-7,14,-7,21,21,0,0
793,14,-7,14,-7,21,21,0,0
794,14,-7,14,-7,21,21,0,0
795,14,-6,14,-6,20,20,0,0
796,14,-6,14,-6,20,20,0,0
797,15,-6,15,-6,21,21,0,0
798,15,-6,15,-6,21,21,0,0
799,15,-5,15,-5,20,20,0,0
800,15,-5,15,-5,20,20,0,0
801,15,-5,15,-5,20,20,0,0
802,15,-5,15,-5,20,20,0,0
803,15,-4,15,-4,19,19,0,0
804,15,-4,15,-4,19,19,0,0
805,15,-4,15,-4,19,19,0,0
806,15,-4,15,-4,19,19,0,0
807,15,-3,15,-3,18,18,0,0
808,15,-3,15,-3,18,18,0,0
809,15,-3,15,-3,18,18,0,0
810,15,-3,15,-3,18,18,0,0
811,15,-3,15,-3,18,18,0,0
812,15,-2,15,-2,17,17,0,0
813,15,-2,15,-2,17,17,0,0
814,15,-2,15,-2,17,17,0,0
815,15,-2,15,-2,17,17,0,0
816,15,-1,15,-1,16,16,0,0
817,15,-1,15,-1,16,16,0,0
818,15,-1,15,-1,16,16,0,0
819,15,-1,15,-1,16,16,0,0
820,15,0,15,0,15,15,0,0
821,15,0,15,0,15,15,0,0
822,15,0,15,0,15,15,0,0
823,15,0,15,0,15,15,0,0
824,15,1,15,1,16,16,0,0
825,15,1,15,1,16,16,0,0
826,15,1,15,1,16,16,0,0
827,15,1,15,1,16,16,0,0
828,15,2,15,2,17,17,0,0
829,15,2,15,2,17,17,0,0
830,15,2,15,2,17,17,0,0
831,15,2,15,2,17,17,0,0
832,15,3,15,3,18,18,0,0
833,15,3,15,3,18,18,0,0
834,15,3,15,3,18,18,0,0
835,15,3,15,3,18,18,0,0
836,15,4,15,4,19,19,0,0
837,15,4,15,4,19,19,0,0
838,15,4,15,4,19,19,0,0
839,15,4,15,4,19,19,0,0
840,15,5,15,5,20,20,0,0
841,15,5,15,5,20,20,0,0
842,15,5,15,5,20,20,0,0
843,14,5,14,5,19,19,0,0
844,14,5,14,5,19,19,0,0
845,14,6,14,6,20,20,0,0
846,14,6,14,6,20,20,0,0
847,14,6,14,6,20,20,0,0
848,14,6,14,6,20,20,0,0
849,14,7,14,7,21,21,0,0
850,14,7,14,7,21,21,0,0
851,14,7,14,7,21,21,0,0
852,13,7,13,7,20,20,0,0
853,13,7,13,7,20,20,0,0
854,13,8,13,8,21,21,0,0
855,13,8,13,8,21,21,0,0
856,13,8,13,8,21,21,0,0
857,13,8,13,8,21,21,0,0
858,13,8,13,8,21,21,0,0
859,13,9,13,9,22,22,0,0
860,12,9,12,9,21,21,0,0
861,12,9,12,9,21,21,0,0
862,12,9,12,9,21,21,0,0
863,12,9,12,9,21,21,0,0
864,12,10,12,10,22,22,0,0
865,12,10,12,10,22,22,0,0
866,12,10,12,10,22,22,0,0
867,11,10,11,10,21,21,0,0
868,11,10,11,10,21,21,0,0
869,11,11,11,11,22,22,0,0
870,11,11,11,11,22,22,0,0
871,11,11,11,11,22,22,0,0
872,11,11,11,11,22,22,0,0
873,10,11,10,11,21,21,0,0
874,10,11,10,11,21,21,0,0
875,10,12,10,12,22,22,0,0
876,10,12,10,12,22,22,0,0
877,10,12,10,12,22,22,0,0
878,9,12,9,12,21,21,0,0
879,9,12,9,12,21,21,0,0
880,9,12,9,12,21,21,0,0
881,9,12,9,12,21,21,0,0
882,9,13,9,13,22,22,0,0
883,8,13,8,13,21,21,0,0
884,8,13,8,13,21,21,0,0
885,8,13,8,13,21,21,0,0
886,8,13,8,13,21,21,0,0
887,8,13,8,13,21,21,0,0
888,7,13,7,13,20,20,0,0
889,7,14,7,14,21,21,0,0
890,7,14,7,14,21,21,0,0
891,7,14,7,14,21,21,0,0
892,7,14,7,14,21,21,0,0
893,6,14,6,14,20,20,0,0
894,6,14,6,14,20,20,0,0
895,6,14,6,14,20,20,0,0
896,6,14,6,14,20,20,0,0
897,5,14,5,14,19,19,0,0
898,5,14,5,14,19,19,0,0
899,5,15,5,15,20,20,0,0
900,5,15,5,15,20,20,0,0
901,4,15,4,15,19,19,0,0
902,4,15,4,15,19,19,0,0
903,4,15,4,15,19,19,0,0
904,4,15,4,15,19,19,0,0
905,4,15,4,15,19,19,0,0
906,3,15,3,15,18,18,0,0
907,3,15,3,15,18,18,0,0
908,3,15,3,15,18,18,0,0
909,3,15,3,15,18,18,0,0
910,2,15,2,15,17,17,0,0
911,2,15,2,15,17,17,0,0
912,2,15,2,15,17,17,0,0
913,2,15,2,15,17,17,0,0
914,1,15,1,15,16,16,0,0
915,1,15,1,15,16,16,0,0
916,1,15,1,15,16,16,0,0
917,1,15,1,15,16,16,0,0
918,0,15,0,15,15,15,0,0
919,0,15,0,15,15,15,0,0
920,0,15,0,15,15,15,0,0
921,0,15,0,15,15,15,0,0
922,-1,15,-1,15,16,16,0,0
923,-1,15,-1,15,16,16,0,0
924,-1,15,-1,15,16,16,0,0
925,-1,15,-1,15,16,16,0,0
926,-2,15,-2,15,17,17,0,0
927,-2,15,-2,15,17,17,0,0
928,-2,15,-2,15,17,17,0,0
929,-2,15,-2,15,17,17,0,0
930,-3,15,-3,15,18,18,0,0
931,-3,15,-3,15,18,18,0,0
932,-3,15,-3,15,18,18,0,0
933,-3,15,-3,15,18,18,0,0
934,-4,15,-4,15,19,19,0,0
935,-4,15,-4,15,19,19,0,0
936,-4,15,-4,15,19,19,0,0
937,-4,15,-4,15,19,19,0,0
938,-4,15,-4,15,19,19,0,0
939,-5,15,-5,15,20,20,0,0
940,-5,15,-5,15,20,20,0,0
941,-5,15,-5,15,20,20,0,0
942,-5,15,-5,15,20,20,0,0
943,-6,15,-6,15,21,21,0,0
944,-6,15,-6,15,21,21,0,0
945,-6,14,-6,14,20,20,0,0
946,-6,14,-6,14,20,20,0,0
947,-7,14,-7,14,21,21,0,0
948,-7,14,-7,14,21,21,0,0
949,-7,14,-7,14,21,21,0,0
950,-7,14,-7,14,21,21,0,0
951,-7,14,-7,14,21,21,0,0
952,-8,14,-8,14,22,22,0,0
953,-8,14,-8,14,22,22,0,0
954,-8,14,-8,14,22,22,0,0
955,-8,13,-8,13,21,21,0,0
956,-9,13,-9,13,22,22,0,0
957,-9,13,-9,13,22,22,0,0
958,-9,13,-9,13,22,22,0,0
959,-9,13,-9,13,22,22,0,0
960,-9,13,-9,13,22,22,0,0
961,-10,13,-10,13,23,23,0,0
962,-10,13,-10,13,23,23,0,0
963,-10,12,-10,12,22,22,0,0
964,-10,12,-10,12,22,22,0,0
965,-10,12,-10,12,22,22,0,0
966,-11,12,-11,12,23,23,0,0
967,-11,12,-11,12,23,23,0,0
968,-11,12,-11,12,23,23,0,0
969,-11,11,-11,11,22,22,0,0
970,-11,11,-11,11,22,22,0,0
971,-12,11,-12,11,23,23,0,0
972,-12,11,-12,11,23,23,0,0
973,-12,11,-12,11,23,23,0,0
974,-12,11,-12,11,23,23,0,0
975,-12,10,-12,10,22,22,0,0
976,-12,10,-12,10,22,22,0,0
977,-13,10,-13,10,23,23,0,0
978,-13,10,-13,10,23,23,0,0
979,-13,10,-13,10,23,23,0,0
980,-13,9,-13,9,22,22,0,0
981,-13,9,-13,9,22,22,0,0
982,-13,9,-13,9,22,22,0,0
983,-13,9,-13,9,22,22,0,0
984,-14,9,-14,9,23,23,0,0
985,-14,9,-14,9,23,23,0,0
986,-14,8,-14,8,22,22,0,0
987,-14,8,-14,8,22,22,0,0
988,-14,8,-14,8,22,22,0,0
989,-14,8,-14,8,22,22,0,0
990,-14,7,-14,7,21,21,0,0
991,-15,7,-15,7,22,22,0,0
992,-15,7,-15,7,22,22,0,0
993,-15,7,-15,7,22,22,0,0
994,-15,7,-15,7,22,22,0,0
995,-15,6,-15,6,21,21,0,0
996,-15,6,-15,6,21,21,0,0
997,-15,6,-15,6,21,21,0,0
998,-15,6,-15,6,21,21,0,0
999,-15,5,-15,5,20,20,0,0
1000,-15,5,-15,5,20,20,0,0
1001,-16,5,-16,5,21,21,0,0
1002,-16,5,-16,5,21,21,0,0
1003,-16,5,-16,5,21,21,0,0
1004,-16,4,-16,4,20,20,0,0
1005,-16,4,-16,4,20,20,0,0
1006,-16,4,-16,4,20,20,0,0
1007,-16,4,-16,4,20,20,0,0
1008,-16,3,-16,3,19,19,0,0
1009,-16,3,-16,3,19,19,0,0
1010,-16,3,-16,3,19,19,0,0
1011,-16,3,-16,3,19,19,0,0
1012,-16,2,-16,2,18,18,0,0
1013,-16,2,-16,2,18,18,0,0
1014,-16,2,-16,2,18,18,0,0
1015,-16,2,-16,2,18,18,0,0
1016,-16,1,-16,1,17,17,0,0
1017,-16,1,-16,1,17,17,0,0
1018,-16,1,-16,1,17,17,0,0
1019,-16,1,-16,1,17,17,0,0
1020,-16,0,-16,0,16,16,0,0
1021,-17,0,-17,0,17,17,0,0
1022,-17,0,-17,0,17,17,0,0
1023,-17,0,-17,0,17,17,0,0
1024,-17,0,-17,0,17,17,0,0
1025,-17,-1,-17,-1,18,18,0,0
1026,-17,-1,-17,-1,18,18,0,0
1027,-17,-1,-17,-1,18,18,0,0
1028,-16,-1,-16,-1,17,17,0,0
1029,-16,-2,-16,-2,18,18,0,0
1030,-16,-2,-16,-2,18,18,0,0
1031,-16,-2,-16,-2,18,18,0,0
1032,-16,-2,-16,-2,18,18,0,0
1033,-16,-3,-16,-3,19,19,0,0
1034,-16,-3,-16,-3,19,19,0,0
1035,-16,-3,-16,-3,19,19,0,0
1036,-16,-3,-16,-3,19,19,0,0
1037,-16,-4,-16,-4,20,20,0,0
1038,-16,-4,-16,-4,20,20,0,0
1039,-16,-4,-16,-4,20,20,0,0
1040,-16,-4,-16,-4,20,20,0,0
1041,-16,-5,-16,-5,21,21,0,0
1042,-16,-5,-16,-5,21,21,0,0
1043,-16,-5,-16,-5,21,21,0,0
1044,-16,-5,-16,-5,21,21,0,0
1045,-16,-6,-16,-6,22,22,0,0
1046,-16,-6,-16,-6,22,22,0,0
1047,-16,-6,-16,-6,22,22,0,0
1048,-15,-6,-15,-6,21,21,0,0
1049,-15,-6,-15,-6,21,21,0,0
1050,-15,-7,-15,-7,22,22,0,0
1051,-15,-7,-15,-7,22,22,0,0
1052,-15,-7,-15,-7,22,22,0,0
1053,-15,-7,-15,-7,22,22,0,0
1054,-15,-8,-15,-8,23,23,0,0
1055,-15,-8,-15,-8,23,23,0,0
1056,-15,-8,-15,-8,23,23,0,0
1057,-15,-8,-15,-8,23,23,0,0
1058,-14,-8,-14,-8,22,22,0,0
1059,-14,-9,-14,-9,23,23,0,0
1060,-14,-9,-14,-9,23,23,0,0
1061,-14,-9,-14,-9,23,23,0,0
1062,-14,-9,-14,-9,23,23,0,0
1063,-14,-10,-14,-10,24,24,0,0
1064,-14,-10,-14,-10,24,24,0,0
1065,-13,-10,-13,-10,23,23,0,0
1066,-13,-10,-13,-10,23,23,0,0
1067,-13,-10,-13,-10,23,23,0,0
1068,-13,-10,-13,-10,23,23,0,0
1069,-13,-11,-13,-11,24,24,0,0
1070,-13,-11,-13,-11,24,24,0,0
1071,-13,-11,-13,-11,24,24,0,0
1072,-12,-11,-12,-11,23,23,0,0
1073,-12,-11,-12,-11,23,23,0,0
1074,-12,-12,-12,-12,24,24,0,0
1075,-12,-12,-12,-12,24,24,0,0
1076,-12,-12,-12,-12,24,24,0,0
1077,-12,-12,-12,-12,24,24,0,0
1078,-11,-12,-11,-12,23,23,0,0
1079,-11,-12,-11,-12,23,23,0,0
1080,-11,-13,-11,-13,24,24,0,0
1081,-11,-13,-11,-13,24,24,0,0
1082,-11,-13,-11,-13,24,24,0,0
1083,-10,-13,-10,-13,23,23,0,0
1084,-10,-13,-10,-13,23,23,0,0
1085,-10,-13,-10,-13,23,23,0,0
1086,-10,-14,-10,-14,24,24,0,0
1087,-10,-14,-10,-14,24,24,0,0
1088,-9,-14,-9,-14,23,23,0,0
1089,-9,-14,-9,-14,23,23,0,0
1090,-9,-14,-9,-14,23,23,0,0
1091,-9,-14,-9,-14,23,23,0,0
1092,-9,-14,-9,-14,23,23,0,0
1093,-8,-14,-8,-14,22,22,0,0
1094,-8,-15,-8,-15,23,23,0,0
1095,-8,-15,-8,-15,23,23,0,0
1096,-8,-15,-8,-15,23,23,0,0
1097,-7,-15,-7,-15,22,22,0,0
1098,-7,-15,-7,-15,22,22,0,0
1099,-7,-15,-7,-15,22,22,0,0
1100,-7,-15,-7,-15,22,22,0,0
1101,-7,-15,-7,-15,22,22,0,0
1102,-6,-15,-6,-15,21,21,0,0
1103,-6,-15,-6,-15,21,21,0,0
1104,-6,-16,-6,-16,22,22,0,0
1105,-6,-16,-6,-16,22,22,0,0
1106,-5,-16,-5,-16,21,21,0,0
1107,-5,-16,-5,-16,21,21,0,0
1108,-5,-16,-5,-16,21,21,0,0
1109,-5,-16,-5,-16,21,21,0,0
1110,-4,-16,-4,-16,20,20,0,0
1111,-4,-16,-4,-16,20,20,0,0
1112,-4,-16,-4,-16,20,20,0,0
1113,-4,-16,-4,-16,20,20,0,0
1114,-4,-16,-4,-16,20,20,0,0
1115,-3,-16,-3,-16,19,19,0,0
1116,-3,-16,-3,-16,19,19,0,0
1117,-3,-16,-3,-16,19,19,0,0
1118,-3,-16,-3,-16,19,19,0,0
1119,-2,-16,-2,-16,18,18,0,0
1120,-2,-16,-2,-16,18,18,0,0
1121,-2,-16,-2,-16,18,18,0,0
1122,-2,-16,-2,-16,18,18,0,0
1123,-1,-16,-1,-16,17,17,0,0
1124,-1,-16,-1,-16,17,17,0,0
1125,-1,-16,-1,-16,17,17,0,0
1126,-1,-16,-1,-16,17,17,0,0
1127,0,-16,0,-16,16,16,0,0
1128,0,-16,0,-16,16,16,0,0
1129,0,-16,0,-16,16,16,0,0
1130,0,-16,0,-16,16,16,0,0
1131,1,-16,1,-16,17,17,0,0
1132,1,-16,1,-16,17,17,0,0
1133,1,-16,1,-16,17,17,0,0
1134,1,-16,1,-16,17,17,0,0
1135,2,-16,2,-16,18,18,0,0
1136,2,-16,2,-16,18,18,0,0
1137,2,-16,2,-16,18,18,0,0
1138,2,-16,2,-16,18,18,0,0
1139,3,-16,3,-16,19,19,0,0
1140,3,-16,3,-16,19,19,0,0
1141,3,-16,3,-16,19,19,0,0
1142,3,-16,3,-16,19,19,0,0
1143,4,-16,4,-16,20,20,0,0
1144,4,-16,4,-16,20,20,0,0
1145,4,-16,4,-16,20,20,0,0
1146,4,-16,4,-16,20,20,0,0
1147,4,-16,4,-16,20,20,0,0
1148,5,-16,5,-16,21,21,0,0
1149,5,-16,5,-16,21,21,0,0
1150,5,-15,5,-15,20,20,0,0
1151,5,-15,5,-15,20,20,0,0
1152,6,-15,6,-15,21,21,0,0
1153,6,-15,6,-15,21,21,0,0
1154,6,-15,6,-15,21,21,0,0
1155,6,-15,6,-15,21,21,0,0
1156,7,-15,7,-15,22,22,0,0
1157,7,-15,7,-15,22,22,0,0
1158,7,-15,7,-15,22,22,0,0
1159,7,-15,7,-15,22,22,0,0
1160,7,-14,7,-14,21,21,0,0
1161,8,-14,8,-14,22,22,0,0
1162,8,-14,8,-14,22,22,0,0
1163,8,-14,8,-14,22,22,0,0
1164,8,-14,8,-14,22,22,0,0
1165,8,-14,8,-14,22,22,0,0
1166,9,-14,9,-14,23,23,0,0
1167,9,-13,9,-13,22,22,0,0
1168,9,-13,9,-13,22,22,0,0
1169,9,-13,9,-13,22,22,0,0
1170,9,-13,9,-13,22,22,0,0
1171,10,-13,10,-13,23,23,0,0
1172,10,-13,10,-13,23,23,0,0
1173,10,-13,10,-13,23,23,0,0
1174,10,-12,10,-12,22,22,0,0
1175,10,-12,10,-12,22,22,0,0
1176,11,-12,11,-12,23,23,0,0
1177,11,-12,11,-12,23,23,0,0
1178,11,-12,11,-12,23,23,0,0
1179,11,-12,11,-12,23,23,0,0
1180,11,-11,11,-11,22,22,0,0
1181,11,-11,11,-11,22,22,0,0
1182,12,-11,12,-11,23,23,0,0
1183,12,-11,12,-11,23,23,0,0
1184,12,-11,12,-11,23,23,0,0
1185,12,-10,12,-10,22,22,0,0
1186,12,-10,12,-10,22,22,0,0
1187,12,-10,12,-10,22,22,0,0
1188,12,-10,12,-10,22,22,0,0
1189,13,-10,13,-10,23,23,0,0
1190,13,-9,13,-9,22,22,0,0
1191,13,-9,13,-9,22,22,0,0
1192,13,-9,13,-9,22,22,0,0
1193,13,-9,13,-9,22,22,0,0
1194,13,-9,13,-9,22,22,0,0
1195,13,-8,13,-8,21,21,0,0
1196,14,-8,14,-8,22,22,0,0
1197,14,-8,14,-8,22,22,0,0
1198,14,-8,14,-8,22,22,0,0
1199,14,-8,14,-8,22,22,0,0
1200,14,-7,14,-7,21,21,0,0
1201,14,-7,14,-7,21,21,0,0
1202,14,-7,14,-7,21,21,0,0
1203,14,-7,14,-7,21,21,0,0
1204,14,-6,14,-6,20,20,0,0
1205,14,-6,14,-6,20,20,0,0
1206,15,-6,15,-6,21,21,0,0
1207,15,-6,15,-6,21,21,0,0
1208,15,-6,15,-6,21,21,0,0
1209,15,-5,15,-5,20,20,0,0
1210,15,-5,15,-5,20,20,0,0
1211,15,-5,15,-5,20,20,0,0
1212,15,-5,15,-5,20,20,0,0
1213,15,-4,15,-4,19,19,0,0
1214,15,-4,15,-4,19,19,0,0
1215,15,-4,15,-4,19,19,0,0
1216,15,-4,15,-4,19,19,0,0
1217,15,-3,15,-3,18,18,0,0
1218,15,-3,15,-3,18,18,0,0
1219,15,-3,15,-3,18,18,0,0
1220,15,-3,15,-3,18,18,0,0
1221,15,-2,15,-2,17,17,0,0
1222,15,-2,15,-2,17,17,0,0
1223,15,-2,15,-2,17,17,0,0
1224,15,-2,15,-2,17,17,0,0
1225,15,-1,15,-1,16,16,0,0
1226,15,-1,15,-1,16,16,0,0
1227,15,-1,15,-1,16,16,0,0
1228,15,-1,15,-1,16,16,0,0
1229,15,0,15,0,15,15,0,0
1230,15,0,15,0,15,15,0,0
1231,15,0,15,0,15,15,0,0
1232,15,0,15,0,15,15,0,0
1233,15,1,15,1,16,16,0,0
1234,15,1,15,1,16,16,0,0
1235,15,1,15,1,16,16,0,0
1236,15,1,15,1,16,16,0,0
1237,15,2,15,2,17,17,0,0
1238,15,2,15,2,17,17,0,0
1239,15,2,15,2,17,17,0,0
1240,15,2,15,2,17,17,0,0
1241,15,2,15,2,17,17,0,0
1242,15,3,15,3,18,18,0,0
1243,15,3,15,3,18,18,0,0
1244,15,3,15,3,18,18,0,0
1245,15,3,15,3,18,18,0,0
1246,15,4,15,4,19,19,0,0
1247,15,4,15,4,19,19,0,0
1248,15,4,15,4,19,19,0,0
1249,15,4,15,4,19,19,0,0
1250,15,5,15,5,20,20,0,0
1251,15,5,15,5,20,20,0,0
1252,14,5,14,5,19,19,0,0
1253,14,5,14,5,19,19,0,0
1254,14,6,14,6,20,20,0,0
1255,14,6,14,6,20,20,0,0
1256,14,6,14,6,20,20,0,0
1257,14,6,14,6,20,20,0,0
1258,14,6,14,6,20,20,0,0
1259,14,7,14,7,21,21,0,0
1260,14,7,14,7,21,21,0,0
1261,14,7,14,7,21,21,0,0
1262,13,7,13,7,20,20,0,0
1263,13,8,13,8,21,21,0,0
1264,13,8,13,8,21,21,0,0
1265,13,8,13,8,21,21,0,0
1266,13,8,13,8,21,21,0,0
1267,13,8,13,8,21,21,0,0
1268,13,9,13,9,22,22,0,0
1269,13,9,13,9,22,22,0,0
1270,12,9,12,9,21,21,0,0
1271,12,9,12,9,21,21,0,0
1272,12,9,12,9,21,21,0,0
1273,12,10,12,10,22,22,0,0
1274,12,10,12,10,22,22,0,0
1275,12,10,12,10,22,22,0,0
1276,11,10,11,10,21,21,0,0
1277,11,10,11,10,21,21,0,0
1278,11,10,11,10,21,21,0,0
1279,11,11,11,11,22,22,0,0
1280,11,11,11,11,22,22,0,0
1281,11,11,11,11,22,22,0,0
1282,10,11,10,11,21,21,0,0
1283,10,11,10,11,21,21,0,0
1284,10,11,10,11,21,21,0,0
1285,10,12,10,12,22,22,0,0
1286,10,12,10,12,22,22,0,0
1287,10,12,10,12,22,22,0,0
1288,9,12,9,12,21,21,0,0
1289,9,12,9,12,21,21,0,0
1290,9,12,9,12,21,21,0,0
1291,9,13,9,13,22,22,0,0
1292,9,13,9,13,22,22,0,0
1293,8,13,8,13,21,21,0,0
1294,8,13,8,13,21,21,0,0
1295,8,13,8,13,21,21,0,0
1296,8,13,8,13,21,21,0,0
1297,8,13,8,13,21,21,0,0
1298,7,13,7,13,20,20,0,0
1299,7,14,7,14,21,21,0,0
1300,7,14,7,14,21,21,0,0
1301,7,14,7,14,21,21,0,0
1302,6,14,6,14,20,20,0,0
1303,6,14,6,14,20,20,0,0
1304,6,14,6,14,20,20,0,0
1305,6,14,6,14,20,20,0,0
1306,6,14,6,14,20,20,0,0
1307,5,14,5,14,19,19,0,0
1308,5,15,5,15,20,20,0,0
1309,5,15,5,15,20,20,0,0
1310,5,15,5,15,20,20,0,0
1311,4,15,4,15,19,19,0,0
1312,4,15,4,15,19,19,0,0
1313,4,15,4,15,19,19,0,0
1314,4,15,4,15,19,19,0,0
1315,3,15,3,15,18,18,0,0
1316,3,15,3,15,18,18,0,0
1317,3,15,3,15,18,18,0,0
1318,3,15,3,15,18,18,0,0
1319,2,15,2,15,17,17,0,0
1320,2,15,2,15,17,17,0,0
1321,2,15,2,15,17,17,0,0
1322,2,15,2,15,17,17,0,0
1323,2,15,2,15,17,17,0,0
1324,1,15,1,15,16,16,0,0
1325,1,15,1,15,16,16,0,0
1326,1,15,1,15,16,16,0,0
1327,1,15,1,15,16,16,0,0
1328,0,15,0,15,15,15,0,0
1329,0,15,0,15,15,15,0,0
1330,0,16,0,16,16,16,0,0
1331,0,16,0,16,16,16,0,0
1332,-1,16,-1,16,17,17,0,0
1333,-1,15,-1,15,16,16,0,0
1334,-1,15,-1,15,16,16,0,0
1335,-1,15,-1,15,16,16,0,0
1336,-2,15,-2,15,17,17,0,0
1337,-2,15,-2,15,17,17,0,0
1338,-2,15,-2,15,17,17,0,0
1339,-2,15,-2,15,17,17,0,0
1340,-3,15,-3,15,18,18,0,0
1341,-3,15,-3,15,18,18,0,0
1342,-3,15,-3,15,18,18,0,0
1343,-3,15,-3,15,18,18,0,0
1344,-4,15,-4,15,19,19,0,0
1345,-4,15,-4,15,19,19,0,0
1346,-4,15,-4,15,19,19,0,0
1347,-4,15,-4,15,19,19,0,0
1348,-5,15,-5,15,20,20,0,0
1349,-5,15,-5,15,20,20,0,0
1350,-5,15,-5,15,20,20,0,0
1351,-5,15,-5,15,20,20,0,0
1352,-6,15,-6,15,21,21,0,0
1353,-6,15,-6,15,21,21,0,0
1354,-6,15,-6,15,21,21,0,0
1355,-6,14,-6,14,20,20,0,0
1356,-6,14,-6,14,20,20,0,0
1357,-7,14,-7,14,21,21,0,0
1358,-7,14,-7,14,21,21,0,0
1359,-7,14,-7,14,21,21,0,0
1360,-7,14,-7,14,21,21,0,0
1361,-8,14,-8,14,22,22,0,0
1362,-8,14,-8,14,22,22,0,0
1363,-8,14,-8,14,22,22,0,0
1364,-8,14,-8,14,22,22,0,0
1365,-8,13,-8,13,21,21,0,0
1366,-9,13,-9,13,22,22,0,0
1367,-9,13,-9,13,22,22,0,0
1368,-9,13,-9,13,22,22,0,0
1369,-9,13,-9,13,22,22,0,0
1370,-9,13,-9,13,22,22,0,0
1371,-10,13,-10,13,23,23,0,0
1372,-10,12,-10,12,22,22,0,0
1373,-10,12,-10,12,22,22,0,0
1374,-10,12,-10,12,22,22,0,0
1375,-10,12,-10,12,22,22,0,0
1376,-11,12,-11,12,23,23,0,0
1377,-11,12,-11,12,23,23,0,0
1378,-11,12,-11,12,23,23,0,0
1379,-11,11,-11,11,22,22,0,0
1380,-11,11,-11,11,22,22,0,0
1381,-12,11,-12,11,23,23,0,0
1382,-12,11,-12,11,23,23,0,0
1383,-12,11,-12,11,23,23,0,0
1384,-12,11,-12,11,23,23,0,0
1385,-12,10,-12,10,22,22,0,0
1386,-12,10,-12,10,22,22,0,0
1387,-13,10,-13,10,23,23,0,0
1388,-13,10,-13,10,23,23,0,0
1389,-13,10,-13,10,23,23,0,0
1390,-13,9,-13,9,22,22,0,0
1391,-13,9,-13,9,22,22,0,0
1392,-13,9,-13,9,22,22,0,0
1393,-13,9,-13,9,22,22,0,0
1394,-14,9,-14,9,23,23,0,0
1395,-14,8,-14,8,22,22,0,0
1396,-14,8,-14,8,22,22,0,0
1397,-14,8,-14,8,22,22,0,0
1398,-14,8,-14,8,22,22,0,0
1399,-14,8,-14,8,22,22,0,0
1400,-14,7,-14,7,21,21,0,0
1401,-15,7,-15,7,22,22,0,0
1402,-15,7,-15,7,22,22,0,0
1403,-15,7,-15,7,22,22,0,0
1404,-15,7,-15,7,22,22,0,0
1405,-15,6,-15,6,21,21,0,0
1406,-15,6,-15,6,21,21,0,0
1407,-15,6,-15,6,21,21,0,0
1408,-15,6,-15,6,21,21,0,0
1409,-15,5,-15,5,20,20,0,0
1410,-15,5,-15,5,20,20,0,0
1411,-16,5,-16,5,21,21,0,0
1412,-16,5,-16,5,21,21,0,0
1413,-16,4,-16,4,20,20,0,0
1414,-16,4,-16,4,20,20,0,0
1415,-16,4,-16,4,20,20,0,0
1416,-16,4,-16,4,20,20,0,0
1417,-16,4,-16,4,20,20,0,0
1418,-16,3,-16,3,19,19,0,0
1419,-16,3,-16,3,19,19,0,0
1420,-16,3,-16,3,19,19,0,0
1421,-16,3,-16,3,19,19,0,0
1422,-16,2,-16,2,18,18,0,0
1423,-16,2,-16,2,18,18,0,0
1424,-16,2,-16,2,18,18,0,0
1425,-16,2,-16,2,18,18,0,0
1426,-16,1,-16,1,17,17,0,0
1427,-16,1,-16,1,17,17,0,0
1428,-16,1,-16,1,17,17,0,0
1429,-16,1,-16,1,17,17,0,0
1430,-16,0,-16,0,16,16,0,0
1431,-16,0,-16,0,16,16,0,0
1432,-16,0,-16,0,16,16,0,0
1433,-16,0,-16,0,16,16,0,0
1434,-16,-1,-16,-1,17,17,0,0
1435,-16,-1,-16,-1,17,17,0,0
1436,-16,-1,-16,-1,17,17,0,0
1437,-16,-1,-16,-1,17,17,0,0
1438,-16,-2,-16,-2,18,18,0,0
1439,-16,-2,-16,-2,18,18,0,0
1440,-16,-2,-16,-2,18,18,0,0
1441,-16,-2,-16,-2,18,18,0,0
1442,-16,-3,-16,-3,19,19,0,0
1443,-16,-3,-16,-3,19,19,0,0
1444,-16,-3,-16,-3,19,19,0,0
1445,-16,-3,-16,-3,19,19,0,0
1446,-16,-4,-16,-4,20,20,0,0
1447,-16,-4,-16,-4,20,20,0,0
1448,-16,-4,-16,-4,20,20,0,0
1449,-16,-4,-16,-4,20,20,0,0
1450,-16,-4,-16,-4,20,20,0,0
1451,-16,-5,-16,-5,21,21,0,0
1452,-16,-5,-16,-5,21,21,0,0
1453,-16,-5,-16,-5,21,21,0,0
1454,-16,-5,-16,-5,21,21,0,0
1455,-16,-6,-16,-6,22,22,0,0
1456,-16,-6,-16,-6,22,22,0,0
1457,-15,-6,-15,-6,21,21,0,0
1458,-15,-6,-15,-6,21,21,0,0
1459,-15,-7,-15,-7,22,22,0,0
1460,-15,-7,-15,-7,22,22,0,0
1461,-15,-7,-15,-7,22,22,0,0
1462,-15,-7,-15,-7,22,22,0,0
1463,-15,-7,-15,-7,22,22,0,0
1464,-15,-8,-15,-8,23,23,0,0
1465,-15,-8,-15,-8,23,23,0,0
1466,-15,-8,-15,-8,23,23,0,0
1467,-14,-8,-14,-8,22,22,0,0
1468,-14,-9,-14,-9,23,23,0,0
1469,-14,-9,-14,-9,23,23,0,0
1470,-14,-9,-14,-9,23,23,0,0
1471,-14,-9,-14,-9,23,23,0,0
1472,-14,-9,-14,-9,23,23,0,0
1473,-14,-10,-14,-10,24,24,0,0
1474,-14,-10,-14,-10,24,24,0,0
1475,-13,-10,-13,-10,23,23,0,0
1476,-13,-10,-13,-10,23,23,0,0
1477,-13,-10,-13,-10,23,23,0,0
1478,-13,-11,-13,-11,24,24,0,0
1479,-13,-11,-13,-11,24,24,0,0
1480,-13,-11,-13,-11,24,24,0,0
1481,-12,-11,-12,-11,23,23,0,0
1482,-12,-11,-12,-11,23,23,0,0
1483,-12,-11,-12,-11,23,23,0,0
1484,-12,-12,-12,-12,24,24,0,0
1485,-12,-12,-12,-12,24,24,0,0
1486,-12,-12,-12,-12,24,24,0,0
1487,-11,-12,-11,-12,23,23,0,0
1488,-11,-12,-11,-12,23,23,0,0
1489,-11,-13,-11,-13,24,24,0,0
1490,-11,-13,-11,-13,24,24,0,0
1491,-11,-13,-11,-13,24,24,0,0
1492,-10,-13,-10,-13,23,23,0,0
1493,-10,-13,-10,-13,23,23,0,0
1494,-10,-13,-10,-13,23,23,0,0
1495,-10,-13,-10,-13,23,23,0,0
1496,-10,-14,-10,-14,24,24,0,0
1497,-10,-14,-10,-14,24,24,0,0
1498,-9,-14,-9,-14,23,23,0,0
1499,-9,-14,-9,-14,23,23,0,0
1500,-9,-14,-9,-14,23,23,0,0
1501,-9,-14,-9,-14,23,23,0,0
1502,-8,-14,-8,-14,22,22,0,0
1503,-8,-14,-8,-14,22,22,0,0
1504,-8,-15,-8,-15,23,23,0,0
1505,-8,-15,-8,-15,23,23,0,0
1506,-8,-15,-8,-15,23,23,0,0
1507,-7,-15,-7,-15,22,22,0,0
1508,-7,-15,-7,-15,22,22,0,0
1509,-7,-15,-7,-15,22,22,0,0
1510,-7,-15,-7,-15,22,22,0,0
1511,-6,-15,-6,-15,21,21,0,0
1512,-6,-15,-6,-15,21,21,0,0
1513,-6,-16,-6,-16,22,22,0,0
1514,-6,-16,-6,-16,22,22,0,0
1515,-6,-16,-6,-16,22,22,0,0
1516,-5,-16,-5,-16,21,21,0,0
1517,-5,-16,-5,-16,21,21,0,0
1518,-5,-16,-5,-16,21,21,0,0
1519,-5,-16,-5,-16,21,21,0,0
1520,-4,-16,-4,-16,20,20,0,0
1521,-4,-16,-4,-16,20,20,0,0
1522,-4,-16,-4,-16,20,20,0,0
1523,-4,-16,-4,-16,20,20,0,0
1524,-3,-16,-3,-16,19,19,0,0
1525,-3,-16,-3,-16,19,19,0,0
1526,-3,-16,-3,-16,19,19,0,0
1527,-3,-16,-3,-16,19,19,0,0
1528,-2,-16,-2,-16,18,18,0,0
1529,-2,-16,-2,-16,18,18,0,0
1530,-2,-16,-2,-16,18,18,0,0
1531,-2,-16,-2,-16,18,18,0,0
1532,-1,-16,-1,-16,17,17,0,0
1533,-1,-16,-1,-16,17,17,0,0
1534,-1,-16,-1,-16,17,17,0,0
1535,-1,-16,-1,-16,17,17,0,0
1536,0,-16,0,-16,16,16,0,0
1537,0,-16,0,-16,16,16,0,0
1538,0,-16,0,-16,16,16,0,0
1539,0,-16,0,-16,16,16,0,0
1540,0,-16,0,-16,16,16,0,0
1541,1,-16,1,-16,17,17,0,0
1542,1,-16,1,-16,17,17,0,0
1543,1,-16,1,-16,17,17,0,0
1544,1,-16,1,-16,17,17,0,0
1545,2,-16,2,-16,18,18,0,0
1546,2,-16,2,-16,18,18,0,0
1547,2,-16,2,-16,18,18,0,0
1548,2,-16,2,-16,18,18,0,0
1549,3,-16,3,-16,19,19,0,0
1550,3,-16,3,-16,19,19,0,0
1551,3,-16,3,-16,19,19,0,0
1552,3,-16,3,-16,19,19,0,0
1553,4,-16,4,-16,20,20,0,0
1554,4,-16,4,-16,20,20,0,0
1555,4,-16,4,-16,20,20,0,0
1556,4,-16,4,-16,20,20,0,0
1557,5,-16,5,-16,21,21,0,0
1558,5,-16,5,-16,21,21,0,0
1559,5,-16,5,-16,21,21,0,0
1560,5,-15,5,-15,20,20,0,0
1561,5,-15,5,-15,20,20,0,0
1562,6,-15,6,-15,21,21,0,0
1563,6,-15,6,-15,21,21,0,0
1564,6,-15,6,-15,21,21,0,0
1565,6,-15,6,-15,21,21,0,0
1566,7,-15,7,-15,22,22,0,0
1567,7,-15,7,-15,22,22,0,0
1568,7,-15,7,-15,22,22,0,0
1569,7,-14,7,-14,21,21,0,0
1570,7,-14,7,-14,21,21,0,0
1571,8,-14,8,-14,22,22,0,0
1572,8,-14,8,-14,22,22,0,0
1573,8,-14,8,-14,22,22,0,0
1574,8,-14,8,-14,22,22,0,0
1575,9,-14,9,-14,23,23,0,0
1576,9,-14,9,-14,23,23,0,0
1577,9,-13,9,-13,22,22,0,0
1578,9,-13,9,-13,22,22,0,0
1579,9,-13,9,-13,22,22,0,0
1580,10,-13,10,-13,23,23,0,0
1581,10,-13,10,-13,23,23,0,0
1582,10,-13,10,-13,23,23,0,0
1583,10,-13,10,-13,23,23,0,0
1584,10,-12,10,-12,22,22,0,0
1585,10,-12,10,-12,22,22,0,0
1586,11,-12,11,-12,23,23,0,0
1587,11,-12,11,-12,23,23,0,0
1588,11,-12,11,-12,23,23,0,0
1589,11,-11,11,-11,22,22,0,0
1590,11,-11,11,-11,22,22,0,0
1591,11,-11,11,-11,22,22,0,0
1592,12,-11,12,-11,23,23,0,0
1593,12,-11,12,-11,23,23,0,0
1594,12,-11,12,-11,23,23,0,0
1595,12,-10,12,-10,22,22,0,0
1596,12,-10,12,-10,22,22,0,0
1597,12,-10,12,-10,22,22,0,0
1598,13,-10,13,-10,23,23,0,0
1599,13,-10,13,-10,23,23,0,0
1600,13,-9,13,-9,22,22,0,0
1601,13,-9,13,-9,22,22,0,0
1602,13,-9,13,-9,22,22,0,0
1603,13,-9,13,-9,22,22,0,0
1604,13,-9,13,-9,22,22,0,0
1605,13,-8,13,-8,21,21,0,0
1606,14,-8,14,-8,22,22,0,0
1607,14,-8,14,-8,22,22,0,0
1608,14,-8,14,-8,22,22,0,0
1609,14,-7,14,-7,21,21,0,0
1610,14,-7,14,-7,21,21,0,0
1611,14,-7,14,-7,21,21,0,0
1612,14,-7,14,-7,21,21,0,0
1613,14,-7,14,-7,21,21,0,0
1614,14,-6,14,-6,20,20,0,0
1615,14,-6,14,-6,20,20,0,0
1616,15,-6,15,-6,21,21,0,0
1617,15,-6,15,-6,21,21,0,0
1618,15,-5,15,-5,20,20,0,0
1619,15,-5,15,-5,20,20,0,0
1620,15,-5,15,-5,20,20,0,0
1621,15,-5,15,-5,20,20,0,0
1622,15,-4,15,-4,19,19,0,0
1623,15,-4,15,-4,19,19,0,0
1624,15,-4,15,-4,19,19,0,0
1625,15,-4,15,-4,19,19,0,0
1626,15,-4,15,-4,19,19,0,0
1627,15,-3,15,-3,18,18,0,0
1628,15,-3,15,-3,18,18,0,0
1629,15,-3,15,-3,18,18,0,0
1630,15,-3,15,-3,18,18,0,0
1631,15,-2,15,-2,17,17,0,0
1632,15,-2,15,-2,17,17,0,0
1633,15,-2,15,-2,17,17,0,0
1634,15,-2,15,-2,17,17,0,0
1635,15,-1,15,-1,16,16,0,0
1636,16,-1,16,-1,17,17,0,0
1637,16,-1,16,-1,17,17,0,0
1638,16,-1,16,-1,17,17,0,0
1639,16,0,16,0,16,16,0,0
1640,16,0,16,0,16,16,0,0
1641,16,0,16,0,16,16,0,0
1642,15,0,15,0,15,15,0,0
1643,15,1,15,1,16,16,0,0
1644,15,1,15,1,16,16,0,0
1645,15,1,15,1,16,16,0,0
1646,15,1,15,1,16,16,0,0
1647,15,2,15,2,17,17,0,0
1648,15,2,15,2,17,17,0,0
1649,15,2,15,2,17,17,0,0
1650,15,2,15,2,17,17,0,0
1651,15,3,15,3,18,18,0,0
1652,15,3,15,3,18,18,0,0
1653,15,3,15,3,18,18,0,0
1654,15,3,15,3,18,18,0,0
1655,15,4,15,4,19,19,0,0
1656,15,4,15,4,19,19,0,0
1657,15,4,15,4,19,19,0,0
1658,15,4,15,4,19,19,0,0
1659,15,4,15,4,19,19,0,0
1660,15,5,15,5,20,20,0,0
1661,15,5,15,5,20,20,0,0
1662,14,5,14,5,19,19,0,0
1663,14,5,14,5,19,19,0,0
1664,14,6,14,6,20,20,0,0
1665,14,6,14,6,20,20,0,0
1666,14,6,14,6,20,20,0,0
1667,14,6,14,6,20,20,0,0
1668,14,7,14,7,21,21,0,0
1669,14,7,14,7,21,21,0,0
1670,14,7,14,7,21,21,0,0
1671,14,7,14,7,21,21,0,0
1672,13,7,13,7,20,20,0,0
1673,13,8,13,8,21,21,0,0
1674,13,8,13,8,21,21,0,0
1675,13,8,13,8,21,21,0,0
1676,13,8,13,8,21,21,0,0
1677,13,8,13,8,21,21,0,0
1678,13,9,13,9,22,22,0,0
1679,13,9,13,9,22,22,0,0
1680,12,9,12,9,21,21,0,0
1681,12,9,12,9,21,21,0,0
1682,12,9,12,9,21,21,0,0
1683,12,10,12,10,22,22,0,0
1684,12,10,12,10,22,22,0,0
1685,12,10,12,10,22,22,0,0
1686,11,10,11,10,21,21,0,0
1687,11,10,11,10,21,21,0,0
1688,11,11,11,11,22,22,0,0
1689,11,11,11,11,22,22,0,0
1690,11,11,11,11,22,22,0,0
1691,11,11,11,11,22,22,0,0
1692,10,11,10,11,21,21,0,0
1693,10,11,10,11,21,21,0,0
1694,10,12,10,12,22,22,0,0
1695,10,12,10,12,22,22,0,0
1696,10,12,10,12,22,22,0,0
1697,9,12,9,12,21,21,0,0
1698,9,12,9,12,21,21,0,0
1699,9,12,9,12,21,21,0,0
1700,9,12,9,12,21,21,0,0
1701,9,13,9,13,22,22,0,0
1702,8,13,8,13,21,21,0,0
1703,8,13,8,13,21,21,0,0
1704,8,13,8,13,21,21,0,0
1705,8,13,8,13,21,21,0,0
1706,8,13,8,13,21,21,0,0
1707,7,13,7,13,20,20,0,0
1708,7,14,7,14,21,21,0,0
1709,7,14,7,14,21,21,0,0
1710,7,14,7,14,21,21,0,0
1711,7,14,7,14,21,21,0,0
1712,6,14,6,14,20,20,0,0
1713,6,14,6,14,20,20,0,0
1714,6,14,6,14,20,20,0,0
1715,6,14,6,14,20,20,0,0
1716,5,14,5,14,19,19,0,0
1717,5,14,5,14,19,19,0,0
1718,5,15,5,15,20,20,0,0
1719,5,15,5,15,20,20,0,0
1720,5,15,5,15,20,20,0,0
1721,4,15,4,15,19,19,0,0
1722,4,15,4,15,19,19,0,0
1723,4,15,4,15,19,19,0,0
1724,4,15,4,15,19,19,0,0
1725,3,15,3,15,18,18,0,0
1726,3,15,3,15,18,18,0,0
1727,3,15,3,15,18,18,0,0
1728,3,15,3,15,18,18,0,0
1729,2,15,2,15,17,17,0,0
1730,2,15,2,15,17,17,0,0
1731,2,15,2,15,17,17,0,0
1732,2,15,2,15,17,17,0,0
1733,1,15,1,15,16,16,0,0
1734,1,15,1,15,16,16,0,0
1735,1,15,1,15,16,16,0,0
1736,1,15,1,15,16,16,0,0
1737,0,15,0,15,15,15,0,0
1738,0,15,0,15,15,15,0,0
1739,0,16,0,16,16,16,0,0
1740,0,16,0,16,16,16,0,0
1741,-1,16,-1,16,17,17,0,0
1742,-1,16,-1,16,17,17,0,0
1743,-1,16,-1,16,17,17,0,0
1744,-1,15,-1,15,16,16,0,0
1745,-2,15,-2,15,17,17,0,0
1746,-2,15,-2,15,17,17,0,0
1747,-2,15,-2,15,17,17,0,0
1748,-2,15,-2,15,17,17,0,0
1749,-2,15,-2,15,17,17,0,0
1750,-3,15,-3,15,18,18,0,0
1751,-3,15,-3,15,18,18,0,0
1752,-3,15,-3,15,18,18,0,0
1753,-3,15,-3,15,18,18,0,0
1754,-4,15,-4,15,19,19,0,0
1755,-4,15,-4,15,19,19,0,0
1756,-4,15,-4,15,19,19,0,0
1757,-4,15,-4,15,19,19,0,0
1758,-5,15,-5,15,20,20,0,0
1759,-5,15,-5,15,20,20,0,0
1760,-5,15,-5,15,20,20,0,0
1761,-5,15,-5,15,20,20,0,0
1762,-6,15,-6,15,21,21,0,0
1763,-6,15,-6,15,21,21,0,0
1764,-6,15,-6,15,21,21,0,0
1765,-6,14,-6,14,20,20,0,0
1766,-7,14,-7,14,21,21,0,0
1767,-7,14,-7,14,21,21,0,0
1768,-7,14,-7,14,21,21,0,0
1769,-7,14,-7,14,21,21,0,0
1770,-7,14,-7,14,21,21,0,0
1771,-8,14,-8,14,22,22,0,0
1772,-8,14,-8,14,22,22,0,0
1773,-8,14,-8,14,22,22,0,0
1774,-8,13,-8,13,21,21,0,0
1775,-8,13,-8,13,21,21,0,0
1776,-9,13,-9,13,22,22,0,0
1777,-9,13,-9,13,22,22,0,0
1778,-9,13,-9,13,22,22,0,0
1779,-9,13,-9,13,22,22,0,0
1780,-10,13,-10,13,23,23,0,0
1781,-10,13,-10,13,23,23,0,0
1782,-10,12,-10,12,22,22,0,0
1783,-10,12,-10,12,22,22,0,0
1784,-10,12,-10,12,22,22,0,0
1785,-11,12,-11,12,23,23,0,0
1786,-11,12,-11,12,23,23,0,0
1787,-11,12,-11,12,23,23,0,0
1788,-11,11,-11,11,22,22,0,0
1789,-11,11,-11,11,22,22,0,0
1790,-11,11,-11,11,22,22,0,0
1791,-12,11,-12,11,23,23,0,0
1792,-12,11,-12,11,23,23,0,0
1793,-12,11,-12,11,23,23,0,0
1794,-12,10,-12,10,22,22,0,0
1795,-12,10,-12,10,22,22,0,0
1796,-12,10,-12,10,22,22,0,0
1797,-13,10,-13,10,23,23,0,0
1798,-13,10,-13,10,23,23,0,0
1799,-13,10,-13,10,23,23,0,0
1800,-13,9,-13,9,22,22,0,0
1801,-13,9,-13,9,22,22,0,0
1802,-13,9,-13,9,22,22,0,0
1803,-14,9,-14,9,23,23,0,0
1804,-14,9,-14,9,23,23,0,0
1805,-14,8,-14,8,22,22,0,0
1806,-14,8,-14,8,22,22,0,0
1807,-14,8,-14,8,22,22,0,0
1808,-14,8,-14,8,22,22,0,0
1809,-14,8,-14,8,22,22,0,0
1810,-14,7,-14,7,21,21,0,0
1811,-15,7,-15,7,22,22,0,0
1812,-15,7,-15,7,22,22,0,0
1813,-15,7,-15,7,22,22,0,0
1814,-15,6,-15,6,21,21,0,0
1815,-15,6,-15,6,21,21,0,0
1816,-15,6,-15,6,21,21,0,0
1817,-15,6,-15,6,21,21,0,0
1818,-15,6,-15,6,21,21,0,0
1819,-15,5,-15,5,20,20,0,0
1820,-15,5,-15,5,20,20,0,0
1821,-16,5,-16,5,21,21,0,0
1822,-16,5,-16,5,21,21,0,0
1823,-16,4,-16,4,20,20,0,0
1824,-16,4,-16,4,20,20,0,0
1825,-16,4,-16,4,20,20,0,0
1826,-16,4,-16,4,20,20,0,0
1827,-16,3,-16,3,19,19,0,0
1828,-16,3,-16,3,19,19,0,0
1829,-16,3,-16,3,19,19,0,0
1830,-16,3,-16,3,19,19,0,0
1831,-16,2,-16,2,18,18,0,0
1832,-16,2,-16,2,18,18,0,0
1833,-16,2,-16,2,18,18,0,0
1834,-16,2,-16,2,18,18,0,0
1835,-16,2,-16,2,18,18,0,0
1836,-16,1,-16,1,17,17,0,0
1837,-16,1,-16,1,17,17,0,0
1838,-16,1,-16,1,17,17,0,0
1839,-16,1,-16,1,17,17,0,0
1840,-16,0,-16,0,16,16,0,0
1841,-16,0,-16,0,16,16,0,0
1842,-16,0,-16,0,16,16,0,0
1843,-16,0,-16,0,16,16,0,0
1844,-16,-1,-16,-1,17,17,0,0
1845,-16,-1,-16,-1,17,17,0,0
1846,-16,-1,-16,-1,17,17,0,0
1847,-16,-1,-16,-1,17,17,0,0
1848,-16,-2,-16,-2,18,18,0,0
1849,-16,-2,-16,-2,18,18,0,0
1850,-16,-2,-16,-2,18,18,0,0
1851,-16,-2,-16,-2,18,18,0,0
1852,-16,-3,-16,-3,19,19,0,0
1853,-16,-3,-16,-3,19,19,0,0
1854,-16,-3,-16,-3,19,19,0,0
1855,-16,-3,-16,-3,19,19,0,0
1856,-16,-4,-16,-4,20,20,0,0
1857,-16,-4,-16,-4,20,20,0,0
1858,-16,-4,-16,-4,20,20,0,0
1859,-16,-4,-16,-4,20,20,0,0
1860,-16,-5,-16,-5,21,21,0,0
1861,-16,-5,-16,-5,21,21,0,0
1862,-16,-5,-16,-5,21,21,0,0
1863,-16,-5,-16,-5,21,21,0,0
1864,-16,-6,-16,-6,22,22,0,0
1865,-16,-6,-16,-6,22,22,0,0
1866,-16,-6,-16,-6,22,22,0,0
1867,-15,-6,-15,-6,21,21,0,0
1868,-15,-6,-15,-6,21,21,0,0
1869,-15,-7,-15,-7,22,22,0,0
1870,-15,-7,-15,-7,22,22,0,0
1871,-15,-7,-15,-7,22,22,0,0
1872,-15,-7,-15,-7,22,22,0,0
1873,-15,-8,-15,-8,23,23,0,0
1874,-15,-8,-15,-8,23,23,0,0
1875,-15,-8,-15,-8,23,23,0,0
1876,-14,-8,-14,-8,22,22,0,0
1877,-14,-8,-14,-8,22,22,0,0
1878,-14,-9,-14,-9,23,23,0,0
1879,-14,-9,-14,-9,23,23,0,0
1880,-14,-9,-14,-9,23,23,0,0
1881,-14,-9,-14,-9,23,23,0,0
1882,-14,-9,-14,-9,23,23,0,0
1883,-14,-10,-14,-10,24,24,0,0
1884,-13,-10,-13,-10,23,23,0,0
1885,-13,-10,-13,-10,23,23,0,0
1886,-13,-10,-13,-10,23,23,0,0
1887,-13,-10,-13,-10,23,23,0,0
1888,-13,-11,-13,-11,24,24,0,0
1889,-13,-11,-13,-11,24,24,0,0
1890,-13,-11,-13,-11,24,24,0,0
1891,-12,-11,-12,-11,23,23,0,0
1892,-12,-11,-12,-11,23,23,0,0
1893,-12,-12,-12,-12,24,24,0,0
1894,-12,-12,-12,-12,24,24,0,0
1895,-12,-12,-12,-12,24,24,0,0
1896,-12,-12,-12,-12,24,24,0,0
1897,-11,-12,-11,-12,23,23,0,0
1898,-11,-12,-11,-12,23,23,0,0
1899,-11,-13,-11,-13,24,24,0,0
1900,-11,-13,-11,-13,24,24,0,0
1901,-11,-13,-11,-13,24,24,0,0
1902,-10,-13,-10,-13,23,23,0,0
1903,-10,-13,-10,-13,23,23,0,0
1904,-10,-13,-10,-13,23,23,0,0
1905,-10,-13,-10,-13,23,23,0,0
1906,-10,-14,-10,-14,24,24,0,0
1907,-9,-14,-9,-14,23,23,0,0
1908,-9,-14,-9,-14,23,23,0,0
1909,-9,-14,-9,-14,23,23,0,0
1910,-9,-14,-9,-14,23,23,0,0
1911,-9,-14,-9,-14,23,23,0,0
1912,-8,-14,-8,-14,22,22,0,0
1913,-8,-15,-8,-15,23,23,0,0
1914,-8,-15,-8,-15,23,23,0,0
1915,-8,-15,-8,-15,23,23,0,0
1916,-7,-15,-7,-15,22,22,0,0
1917,-7,-15,-7,-15,22,22,0,0
1918,-7,-15,-7,-15,22,22,0,0
1919,-7,-15,-7,-15,22,22,0,0
1920,-7,-15,-7,-15,22,22,0,0
1921,-6,-15,-6,-15,21,21,0,0
1922,-6,-15,-6,-15,21,21,0,0
1923,-6,-16,-6,-16,22,22,0,0
1924,-6,-16,-6,-16,22,22,0,0
1925,-5,-16,-5,-16,21,21,0,0
1926,-5,-16,-5,-16,21,21,0,0
1927,-5,-16,-5,-16,21,21,0,0
1928,-5,-16,-5,-16,21,21,0,0
1929,-5,-16,-5,-16,21,21,0,0
1930,-4,-16,-4,-16,20,20,0,0
1931,-4,-16,-4,-16,20,20,0,0
1932,-4,-16,-4,-16,20,20,0,0
1933,-4,-16,-4,-16,20,20,0,0
1934,-3,-16,-3,-16,19,19,0,0
1935,-3,-16,-3,-16,19,19,0,0
1936,-3,-16,-3,-16,19,19,0,0
1937,-3,-16,-3,-16,19,19,0,0
1938,-2,-16,-2,-16,18,18,0,0
1939,-2,-16,-2,-16,18,18,0,0
1940,-2,-16,-2,-16,18,18,0,0
1941,-2,-16,-2,-16,18,18,0,0
1942,-1,-16,-1,-16,17,17,0,0
1943,-1,-16,-1,-16,17,17,0,0
1944,-1,-16,-1,-16,17,17,0,0
1945,-1,-16,-1,-16,17,17,0,0
1946,0,-16,0,-16,16,16,0,0
1947,0,-16,0,-16,16,16,0,0
1948,0,-16,0,-16,16,16,0,0
1949,0,-16,0,-16,16,16,0,0
1950,1,-16,1,-16,17,17,0,0
1951,1,-16,1,-16,17,17,0,0
1952,1,-16,1,-16,17,17,0,0
1953,1,-16,1,-16,17,17,0,0
1954,2,-16,2,-16,18,18,0,0
1955,2,-16,2,-16,18,18,0,0
1956,2,-16,2,-16,18,18,0,0
1957,2,-16,2,-16,18,18,0,0
1958,3,-16,3,-16,19,19,0,0
1959,3,-16,3,-16,19,19,0,0
1960,3,-16,3,-16,19,19,0,0
1961,3,-16,3,-16,19,19,0,0
1962,4,-16,4,-16,20,20,0,0
1963,4,-16,4,-16,20,20,0,0
1964,4,-16,4,-16,20,20,0,0
1965,4,-16,4,-16,20,20,0,0
1966,4,-16,4,-16,20,20,0,0
1967,5,-16,5,-16,21,21,0,0
1968,5,-16,5,-16,21,21,0,0
1969,5,-15,5,-15,20,20,0,0
1970,5,-15,5,-15,20,20,0,0
1971,6,-15,6,-15,21,21,0,0
1972,6,-15,6,-15,21,21,0,0
1973,6,-15,6,-15,21,21,0,0
1974,6,-15,6,-15,21,21,0,0
1975,7,-15,7,-15,22,22,0,0
1976,7,-15,7,-15,22,22,0,0
1977,7,-15,7,-15,22,22,0,0
1978,7,-15,7,-15,22,22,0,0
1979,7,-14,7,-14,21,21,0,0
1980,8,-14,8,-14,22,22,0,0
1981,8,-14,8,-14,22,22,0,0
1982,8,-14,8,-14,22,22,0,0
1983,8,-14,8,-14,22,22,0,0
1984,8,-14,8,-14,22,22,0,0
1985,9,-14,9,-14,23,23,0,0
1986,9,-14,9,-14,23,23,0,0
1987,9,-13,9,-13,22,22,0,0
1988,9,-13,9,-13,22,22,0,0
1989,9,-13,9,-13,22,22,0,0
1990,10,-13,10,-13,23,23,0,0
1991,10,-13,10,-13,23,23,0,0
1992,10,-13,10,-13,23,23,0,0
1993,10,-12,10,-12,22,22,0,0
1994,10,-12,10,-12,22,22,0,0
1995,11,-12,11,-12,23,23,0,0
1996,11,-12,11,-12,23,23,0,0
1997,11,-12,11,-12,23,23,0,0
1998,11,-12,11,-12,23,23,0,0
1999,11,-11,11,-11,22,22,0,0
2000,11,-11,11,-11,22,22,0,0
2001,12,-11,12,-11,23,23,0,0
2002,12,-11,12,-11,23,23,0,0
2003,12,-11,12,-11,23,23,0,0
2004,12,-10,12,-10,22,22,0,0
2005,12,-10,12,-10,22,22,0,0
2006,12,-10,12,-10,22,22,0,0
2007,12,-10,12,-10,22,22,0,0
2008,13,-10,13,-10,23,23,0,0
2009,13,-10,13,-10,23,23,0,0
2010,13,-9,13,-9,22,22,0,0
2011,13,-9,13,-9,22,22,0,0
2012,13,-9,13,-9,22,22,0,0
2013,13,-9,13,-9,22,22,0,0
2014,13,-8,13,-8,21,21,0,0
2015,14,-8,14,-8,22,22,0,0
2016,14,-8,14,-8,22,22,0,0
2017,14,-8,14,-8,22,22,0,0
2018,14,-8,14,-8,22,22,0,0
2019,14,-7,14,-7,21,21,0,0
2020,14,-7,14,-7,21,21,0,0
2021,14,-7,14,-7,21,21,0,0
2022,14,-7,14,-7,21,21,0,0
2023,14,-6,14,-6,20,20,0,0
2024,14,-6,14,-6,20,20,0,0
2025,15,-6,15,-6,21,21,0,0
2026,15,-6,15,-6,21,21,0,0
2027,15,-6,15,-6,21,21,0,0
2028,15,-5,15,-5,20,20,0,0
2029,15,-5,15,-5,20,20,0,0
2030,15,-5,15,-5,20,20,0,0
2031,15,-5,15,-5,20,20,0,0
2032,15,-4,15,-4,19,19,0,0
2033,15,-4,15,-4,19,19,0,0
2034,15,-4,15,-4,19,19,0,0
2035,15,-4,15,-4,19,19,0,0
2036,15,-3,15,-3,18,18,0,0
2037,15,-3,15,-3,18,18,0,0
2038,15,-3,15,-3,18,18,0,0
2039,15,-3,15,-3,18,18,0,0
2040,15,-2,15,-2,17,17,0,0
2041,15,-2,15,-2,17,17,0,0
2042,15,-2,15,-2,17,17,0,0
2043,16,-2,16,-2,18,18,0,0
2044,16,-1,16,-1,17,17,0,0
2045,16,-1,16,-1,17,17,0,0
2046,16,-1,16,-1,17,17,0,0
2047,16,-1,16,-1,17,17,0,0
