cycle,range_bin,doppler_bin,output_hex
1035995000,0,0,ff840001
1036005000,0,1,ffff000f
1036015000,0,2,001300dc
1036025000,0,3,008efcfc
1036035000,0,4,fec804da
1036045000,0,5,0007f964
1036055000,0,6,00b90667
1036065000,0,7,0050ff6c
1036075000,0,8,fe16fb71
1036085000,0,9,01d101ad
1036095000,0,10,012d038a
1036105000,0,11,fb12fe20
1036115000,0,12,054efdec
1036125000,0,13,fe79026c
1036135000,0,14,ff2fff1b
1036145000,0,15,00e8ffcc
1038025000,0,16,00280001
1038035000,0,17,00bc012e
1038045000,0,18,fe07fe38
1038055000,0,19,01960116
1038065000,0,20,0197ffe4
1038075000,0,21,0020feef
1038085000,0,22,fc3102bb
1038095000,0,23,031ffe7e
1038105000,0,24,00960123
1038115000,0,25,fcda00bc
1038125000,0,26,00b1fe1a
1038135000,0,27,011e018e
1038145000,0,28,fffbfdc8
1038155000,0,29,ffda01df
1038165000,0,30,ffa7ffc3
1038175000,0,31,002dff96
1040055000,1,0,ffd20055
1040065000,1,1,ff8500bf
1040075000,1,2,00f7ff6c
1040085000,1,3,ff21ff39
1040095000,1,4,ff7d003f
1040105000,1,5,017b0200
1040115000,1,6,ff3ffde6
1040125000,1,7,ff640207
1040135000,1,8,0024fe7b
1040145000,1,9,02cbfe8b
1040155000,1,10,fe09044e
1040165000,1,11,fe83fbff
1040175000,1,12,01d100c9
1040185000,1,13,ffed0066
1040195000,1,14,fefd00a0
1040205000,1,15,00c0fef9
1042085000,1,16,fff8000c
1042095000,1,17,005e0087
1042105000,1,18,fe95ff02
1042115000,1,19,0018ff92
1042125000,1,20,023dffe7
1042135000,1,21,00f4002a
1042145000,1,22,fe3f0282
1042155000,1,23,fdc7fc9d
1042165000,1,24,023201be
1042175000,1,25,fe5a00f1
1042185000,1,26,01b9fc2a
1042195000,1,27,ffea0518
1042205000,1,28,feddf9eb
1042215000,1,29,00b403ba
1042225000,1,30,ffd7fe7e
1042235000,1,31,005f0025
1044115000,2,0,ff6efff7
1044125000,2,1,0022ff34
1044135000,2,2,ff8901fc
1044145000,2,3,0007fd83
1044155000,2,4,014102e6
1044165000,2,5,fef0fdc6
1044175000,2,6,00970175
1044185000,2,7,ff8f003a
1044195000,2,8,00a8fb8d
1044205000,2,9,ffb00554
1044215000,2,10,ffebff1e
1044225000,2,11,ff03fe4d
1044235000,2,12,01f5ffae
1044245000,2,13,ffae018e
1044255000,2,14,fe41fee1
1044265000,2,15,015f0092
1046145000,2,16,005d003e
1046155000,2,17,00680004
1046165000,2,18,ff1efea2
1046175000,2,19,fffb01be
1046185000,2,20,0123fdaf
1046195000,2,21,0083029a
1046205000,2,22,022cfe29
1046215000,2,23,fbb202f5
1046225000,2,24,ffddfd96
1046235000,2,25,02f0fff0
1046245000,2,26,fdbc02e2
1046255000,2,27,026bfcd4
1046265000,2,28,ff0f012d
1046275000,2,29,0001ff0e
1046285000,2,30,00d6013b
1046295000,2,31,ff44ff35
1048175000,3,0,ff8fffcd
1048185000,3,1,0126ffac
1048195000,3,2,fdd300e3
1048205000,3,3,01e2ff5a
1048215000,3,4,fef6fffb
1048225000,3,5,000bff08
1048235000,3,6,017c027b
1048245000,3,7,fe9cffb9
1048255000,3,8,fee3fba5
1048265000,3,9,00ae03ac
1048275000,3,10,02610169
1048285000,3,11,fb38feb4
1048295000,3,12,053cff83
1048305000,3,13,fdcd0004
1048315000,3,14,fff4fff1
1048325000,3,15,0056002d
1050205000,3,16,00780095
1050215000,3,17,ff430059
1050225000,3,18,0044fe1e
1050235000,3,19,00540189
1050245000,3,20,006dff40
1050255000,3,21,ff280036
1050265000,3,22,01d4017c
1050275000,3,23,fe05ff6c
1050285000,3,24,00ecffc5
1050295000,3,25,fdff0199
1050305000,3,26,029afcce
1050315000,3,27,fdc003a9
1050325000,3,28,014bfba2
1050335000,3,29,00b603e4
1050345000,3,30,ff62fe44
1050355000,3,31,0007ffce
1052235000,4,0,ffe8002f
1052245000,4,1,ff21fff0
1052255000,4,2,01dc0153
1052265000,4,3,fdbafd28
1052275000,4,4,01fc015b
1052285000,4,5,fd96003b
1052295000,4,6,02d700c7
1052305000,4,7,fc2800a7
1052315000,4,8,0358fd15
1052325000,4,9,ffdf01a8
1052335000,4,10,ffba0155
1052345000,4,11,fdd0ffe4
1052355000,4,12,03ccfc8d
1052365000,4,13,fdc602e9
1052375000,4,14,0003ff55
1052385000,4,15,007affa1
1054265000,4,16,fffe0056
1054275000,4,17,ff7a0087
1054285000,4,18,ffdcfde1
1054295000,4,19,018700d7
1054305000,4,20,ff9601a3
1054315000,4,21,0068fd75
1054325000,4,22,ffa40249
1054335000,4,23,ff880016
1054345000,4,24,ffcefe44
1054355000,4,25,ff9602f1
1054365000,4,26,ffacfc8d
1054375000,4,27,010103c5
1054385000,4,28,0052f963
1054395000,4,29,0018048f
1054405000,4,30,ff30ff39
1054415000,4,31,00c0ff62
1056295000,5,0,ffb1ffdf
1056305000,5,1,00590086
1056315000,5,2,ff89ffcb
1056325000,5,3,0139feb1
1056335000,5,4,fd3501a5
1056345000,5,5,02f0fea3
1056355000,5,6,fbdd0207
1056365000,5,7,04ec009e
1056375000,5,8,fc0ffbb7
1056385000,5,9,0399040e
1056395000,5,10,fe030119
1056405000,5,11,ff39fbbb
1056415000,5,12,029f0241
1056425000,5,13,feceffa5
1056435000,5,14,ffa30019
1056445000,5,15,0052ff9a
1058325000,5,16,ffdf0021
1058335000,5,17,00790016
1058345000,5,18,feaeff68
1058355000,5,19,023300fc
1058365000,5,20,fdcfff94
1058375000,5,21,01dffe2b
1058385000,5,22,00650131
1058395000,5,23,fd610405
1058405000,5,24,0273fb05
1058415000,5,25,ffb703ce
1058425000,5,26,0066fe62
1058435000,5,27,ff570162
1058445000,5,28,fdb7fdaa
1058455000,5,29,039d0065
1058465000,5,30,fef70111
1058475000,5,31,0021ff89
1060355000,6,0,0020006f
1060365000,6,1,ffbfff6f
1060375000,6,2,0054fff5
1060385000,6,3,ffef00ac
1060395000,6,4,ff360108
1060405000,6,5,02b4fc23
1060415000,6,6,fc54055a
1060425000,6,7,022bfb72
1060435000,6,8,fe6e013d
1060445000,6,9,034d01ed
1060455000,6,10,fc58feb7
1060465000,6,11,0111ff2c
1060475000,6,12,00b80214
1060485000,6,13,00acfdd5
1060495000,6,14,ff240112
1060505000,6,15,ffc9ff82
1062385000,6,16,008d0016
1062395000,6,17,002cff8c
1062405000,6,18,fff7ff6b
1062415000,6,19,00c20222
1062425000,6,20,ff60ffd3
1062435000,6,21,ff1ffef1
1062445000,6,22,ff22fe83
1062455000,6,23,0352013a
1062465000,6,24,fb79ff06
1062475000,6,25,06780220
1062485000,6,26,fb550025
1062495000,6,27,023efd72
1062505000,6,28,ff9e017d
1062515000,6,29,0025ffdf
1062525000,6,30,00b60071
1062535000,6,31,feceff76
1064415000,7,0,ffacffd1
1064425000,7,1,fffc0103
1064435000,7,2,00a3fef1
1064445000,7,3,ff0400ac
1064455000,7,4,0103ff8f
1064465000,7,5,fed6feff
1064475000,7,6,0155041a
1064485000,7,7,ffdffc4e
1064495000,7,8,fd480027
1064505000,7,9,05e6ff41
1064515000,7,10,fb53044d
1064525000,7,11,ff74fae2
1064535000,7,12,027502b9
1064545000,7,13,ff68ff6d
1064555000,7,14,ff990030
1064565000,7,15,0039ffac
1066445000,7,16,ffac0039
1066455000,7,17,00a70037
1066465000,7,18,fe92ff4b
1066475000,7,19,01c9ffe4
1066485000,7,20,fe96fffb
1066495000,7,21,02adff64
1066505000,7,22,fd710366
1066515000,7,23,0088fc51
1066525000,7,24,020601e7
1066535000,7,25,fe3ffeeb
1066545000,7,26,025802ff
1066555000,7,27,fee9fc90
1066565000,7,28,feac01d5
1066575000,7,29,0141fef6
1066585000,7,30,00610070
1066595000,7,31,0022ff9f
1068475000,8,0,ffcc004e
1068485000,8,1,ff51ff7f
1068495000,8,2,00cd00e5
1068505000,8,3,ff66fee1
1068515000,8,4,0292017e
1068525000,8,5,fa1ffd91
1068535000,8,6,048f0208
1068545000,8,7,fdf400a9
1068555000,8,8,01cefd92
1068565000,8,9,ff430333
1068575000,8,10,0049fe0f
1068585000,8,11,fcdaffd7
1068595000,8,12,0570009a
1068605000,8,13,fdad0059
1068615000,8,14,ff3fff7c
1068625000,8,15,00ecff93
1070505000,8,16,002e0042
1070515000,8,17,ffb60040
1070525000,8,18,ff7afde0
1070535000,8,19,01e1023d
1070545000,8,20,fdf200af
1070555000,8,21,04b3fd7d
1070565000,8,22,fafe03de
1070575000,8,23,00c8fd87
1070585000,8,24,ff4aff7c
1070595000,8,25,02700296
1070605000,8,26,fedefe80
1070615000,8,27,00670279
1070625000,8,28,febafc6b
1070635000,8,29,014b0005
1070645000,8,30,007e0162
1070655000,8,31,ffc4ff73
1072535000,9,0,ffdeffae
1072545000,9,1,008600a7
1072555000,9,2,fd99ffdc
1072565000,9,3,0272fd93
1072575000,9,4,ff4704ef
1072585000,9,5,0170fbef
1072595000,9,6,fc7002a0
1072605000,9,7,0491fd50
1072615000,9,8,fb8400fa
1072625000,9,9,026000d7
1072635000,9,10,000f0078
1072645000,9,11,ff9cfee9
1072655000,9,12,001300b9
1072665000,9,13,fff6fef7
1072675000,9,14,00640094
1072685000,9,15,ffddfff8
1074565000,9,16,00240093
1074575000,9,17,ff96ffa0
1074585000,9,18,0117fe98
1074595000,9,19,ff0b0275
1074605000,9,20,021cff99
1074615000,9,21,fe830036
1074625000,9,22,ff16fdc6
1074635000,9,23,022d038f
1074645000,9,24,fc30fc9f
1074655000,9,25,054a02b6
1074665000,9,26,fb99001c
1074675000,9,27,0161ff25
1074685000,9,28,0130ff29
1074695000,9,29,feb50044
1074705000,9,30,00d20072
1074715000,9,31,fff7ff87
1076595000,10,0,0029ffe9
1076605000,10,1,001dff54
1076615000,10,2,ff7b020f
1076625000,10,3,0078fe04
1076635000,10,4,ff44010a
1076645000,10,5,03d8fe5a
1076655000,10,6,f9f10319
1076665000,10,7,0166fda7
1076675000,10,8,047ffef3
1076685000,10,9,fbd703d2
1076695000,10,10,01d7fd17
1076705000,10,11,fdec0056
1076715000,10,12,01e00086
1076725000,10,13,ff80ffe8
1076735000,10,14,00790045
1076745000,10,15,ff62ffa7
1078625000,10,16,fffaffd8
1078635000,10,17,ffdf0094
1078645000,10,18,00a5fdc7
1078655000,10,19,00840329
1078665000,10,20,fde6feeb
1078675000,10,21,0345ff48
1078685000,10,22,fe1f00a4
1078695000,10,23,ff6300e7
1078705000,10,24,ff08ff60
1078715000,10,25,02990190
1078725000,10,26,ff75fd33
1078735000,10,27,fed404af
1078745000,10,28,fff8fbb1
1078755000,10,29,00fb012c
1078765000,10,30,002f0046
1078775000,10,31,ffe50031
1080655000,11,0,0025ff73
1080665000,11,1,ff890093
1080675000,11,2,ff290051
1080685000,11,3,02cefd93
1080695000,11,4,fcb503de
1080705000,11,5,030bfbb5
1080715000,11,6,fc4f0357
1080725000,11,7,03750043
1080735000,11,8,ff3ffdfb
1080745000,11,9,fe77fedf
1080755000,11,10,01210307
1080765000,11,11,0094fe69
1080775000,11,12,fdfb01e4
1080785000,11,13,01a9fd69
1080795000,11,14,00230119
1080805000,11,15,ffa50039
1082685000,11,16,002a007f
1082695000,11,17,0006ff5d
1082705000,11,18,ff51feaf
1082715000,11,19,036a03cb
1082725000,11,20,faedfde7
1082735000,11,21,042dffef
1082745000,11,22,fdf0ff87
1082755000,11,23,01cf00ee
1082765000,11,24,ff8a0105
1082775000,11,25,fc64002f
1082785000,11,26,0431ff95
1082795000,11,27,fd4cffa7
1082805000,11,28,0057ff39
1082815000,11,29,018d0081
1082825000,11,30,ff8effc1
1082835000,11,31,ffef0014
1084715000,12,0,ffe6ff70
1084725000,12,1,00740105
1084735000,12,2,ff10ffc4
1084745000,12,3,ffc5fea0
1084755000,12,4,031e0137
1084765000,12,5,fc55fe85
1084775000,12,6,ffe80413
1084785000,12,7,02adfab1
1084795000,12,8,fe080394
1084805000,12,9,ff66fe45
1084815000,12,10,026a01ec
1084825000,12,11,feb7feca
1084835000,12,12,ffac00f9
1084845000,12,13,0095fddd
1084855000,12,14,007e01d1
1084865000,12,15,ff7bff71
1086745000,12,16,00510043
1086755000,12,17,ffae00ad
1086765000,12,18,feeefd7b
1086775000,12,19,026601ea
1086785000,12,20,fd72014f
1086795000,12,21,0561fb30
1086805000,12,22,face0754
1086815000,12,23,0127fa8b
1086825000,12,24,005302eb
1086835000,12,25,0098ff01
1086845000,12,26,0040017b
1086855000,12,27,ff7601ae
1086865000,12,28,fe8efc97
1086875000,12,29,015500be
1086885000,12,30,0030006a
1086895000,12,31,fff1ffc9
1088775000,13,0,ffe2ffb8
1088785000,13,1,ff79ffec
1088795000,13,2,01a301d6
1088805000,13,3,fdadfc24
1088815000,13,4,026d0364
1088825000,13,5,ff88fb9b
1088835000,13,6,fe33053c
1088845000,13,7,0071fdf0
1088855000,13,8,ff18fd86
1088865000,13,9,027502b8
1088875000,13,10,001d0154
1088885000,13,11,fbd9fe38
1088895000,13,12,0471ff7e
1088905000,13,13,fe9a00ad
1088915000,13,14,ff4d002a
1088925000,13,15,00e10018
1090805000,13,16,ff9f0036
1090815000,13,17,00ff0057
1090825000,13,18,fcc7ff32
1090835000,13,19,0379fff6
1090845000,13,20,fd5cfee5
1090855000,13,21,051a0125
1090865000,13,22,fad701bb
1090875000,13,23,00c4fe5a
1090885000,13,24,016300ac
1090895000,13,25,fe1700fd
1090905000,13,26,010ffe9a
1090915000,13,27,00b10038
1090925000,13,28,fe9afef1
1090935000,13,29,00c400f3
1090945000,13,30,ffbb0049
1090955000,13,31,000eff64
1092835000,14,0,002ffff9
1092845000,14,1,00330070
1092855000,14,2,fe81ffd6
1092865000,14,3,0237fda2
1092875000,14,4,ff24038b
1092885000,14,5,fde0fd63
1092895000,14,6,01c80335
1092905000,14,7,01f8fcba
1092915000,14,8,fb2b01d1
1092925000,14,9,059bff3c
1092935000,14,10,fc430072
1092945000,14,11,0187ff54
1092955000,14,12,fece00cb
1092965000,14,13,002aff3d
1092975000,14,14,0138011b
1092985000,14,15,ff62ff4c
1094865000,14,16,ffea008d
1094875000,14,17,ffeaff52
1094885000,14,18,ffc6ff79
1094895000,14,19,005e00a1
1094905000,14,20,00fc007f
1094915000,14,21,fe5a0026
1094925000,14,22,02c7fec2
1094935000,14,23,fcc50453
1094945000,14,24,fef0fcc7
1094955000,14,25,02ba0170
1094965000,14,26,fd580105
1094975000,14,27,01fefecf
1094985000,14,28,ffb6fe8d
1094995000,14,29,ff8e029c
1095005000,14,30,ffd7ff18
1095015000,14,31,001bffe1
1096895000,15,0,ffd4ffb5
1096905000,15,1,0066003c
1096915000,15,2,ff370047
1096925000,15,3,ff94fd89
1096935000,15,4,028c04d8
1096945000,15,5,fcc2fb3a
1096955000,15,6,028e03b2
1096965000,15,7,ff53fd4e
1096975000,15,8,fdca0179
1096985000,15,9,02f6ffd0
1096995000,15,10,ffdf0027
1097005000,15,11,ff52005d
1097015000,15,12,fffafe0e
1097025000,15,13,ffd6014a
1097035000,15,14,0020ff34
1097045000,15,15,ffeb00d4
1098925000,15,16,00740067
1098935000,15,17,0059fff7
1098945000,15,18,ff6aff34
1098955000,15,19,007900ef
1098965000,15,20,ffab004a
1098975000,15,21,ff5efe06
1098985000,15,22,ff92ffff
1098995000,15,23,022901fe
1099005000,15,24,fbbcff8b
1099015000,15,25,065dfd5d
1099025000,15,26,fb720284
1099035000,15,27,01ddfdd3
1099045000,15,28,011100b4
1099055000,15,29,fecc0132
1099065000,15,30,00c60001
1099075000,15,31,ff11fecc
1100955000,16,0,ffbdff53
1100965000,16,1,00a5ffdd
1100975000,16,2,fea2020c
1100985000,16,3,00befb61
1100995000,16,4,022d05d8
1101005000,16,5,fab2fa87
1101015000,16,6,047c042a
1101025000,16,7,001dfdc8
1101035000,16,8,fda5ffbd
1101045000,16,9,0097010b
1101055000,16,10,fff4002a
1101065000,16,11,0030ff45
1101075000,16,12,0185ffe8
1101085000,16,13,fe02017d
1101095000,16,14,001afde8
1101105000,16,15,00c5018e
1102985000,16,16,ffbf0024
1102995000,16,17,0019004c
1103005000,16,18,ff67fdcd
1103015000,16,19,0119026d
1103025000,16,20,fe2dfedc
1103035000,16,21,0505ffc0
1103045000,16,22,fa0b02e7
1103055000,16,23,02aefcc3
1103065000,16,24,fe0d029a
1103075000,16,25,011ffe16
1103085000,16,26,010302bf
1103095000,16,27,fe330161
1103105000,16,28,ffd7fa86
1103115000,16,29,00eb0302
1103125000,16,30,ffb3ffdd
1103135000,16,31,0026ffbb
1105015000,17,0,ffc6ff79
1105025000,17,1,ffec0079
1105035000,17,2,0058fff5
1105045000,17,3,fecdff82
1105055000,17,4,032500b1
1105065000,17,5,fbeefd83
1105075000,17,6,040c0330
1105085000,17,7,fbbbff6f
1105095000,17,8,0274fe15
1105105000,17,9,ffb0ff37
1105115000,17,10,00c40495
1105125000,17,11,fd4dfd40
1105135000,17,12,01e5feb1
1105145000,17,13,006a0291
1105155000,17,14,feb4fed6
1105165000,17,15,0117008b
1107045000,17,16,ffb2005a
1107055000,17,17,00c600cd
1107065000,17,18,fe66fdc1
1107075000,17,19,022d0141
1107085000,17,20,fdb700f4
1107095000,17,21,0348fdf7
1107105000,17,22,fc3103c0
1107115000,17,23,0157fe04
1107125000,17,24,fef4fffc
1107135000,17,25,00beff01
1107145000,17,26,013c0083
1107155000,17,27,fd67035f
1107165000,17,28,0063fa9e
1107175000,17,29,00500227
1107185000,17,30,00ed0084
1107195000,17,31,ff59ff40
1109075000,18,0,ff780035
1109085000,18,1,ffeefee0
1109095000,18,2,fff802d9
1109105000,18,3,ff97fdb4
1109115000,18,4,015dff49
1109125000,18,5,ff1f01b2
1109135000,18,6,00460153
1109145000,18,7,fe1dfd82
1109155000,18,8,029cff77
1109165000,18,9,ff9c01e8
1109175000,18,10,ff380097
1109185000,18,11,000dff02
1109195000,18,12,ffebfebf
1109205000,18,13,01a3011e
1109215000,18,14,fde60049
1109225000,18,15,013bff70
1111105000,18,16,0030ffb1
1111115000,18,17,00190078
1111125000,18,18,ff62feef
1111135000,18,19,001101cf
1111145000,18,20,01cbfdc6
1111155000,18,21,0011005d
1111165000,18,22,00000336
1111175000,18,23,fc8efc75
1111185000,18,24,04260053
1111195000,18,25,fdc903d4
1111205000,18,26,012efc9f
1111215000,18,27,00c902c3
1111225000,18,28,fe53fd96
1111235000,18,29,002d014f
1111245000,18,30,00ccfe54
1111255000,18,31,00180119
1113135000,19,0,ff960025
1113145000,19,1,0070ffa0
1113155000,19,2,ffec0157
1113165000,19,3,ffb1ff44
1113175000,19,4,ffbdfe53
1113185000,19,5,012900d8
1113195000,19,6,001303bd
1113205000,19,7,fceffcb3
1113215000,19,8,0522fd0d
1113225000,19,9,fbaa0508
1113235000,19,10,02d2fddd
1113245000,19,11,fc97ffd4
1113255000,19,12,03bb0167
1113265000,19,13,fdb9fe3c
1113275000,19,14,00ff010b
1113285000,19,15,ffcdff91
1115165000,19,16,000bffea
1115175000,19,17,00130113
1115185000,19,18,001cfd29
1115195000,19,19,ff9202b0
1115205000,19,20,fff2fd16
1115215000,19,21,026100ab
1115225000,19,22,ffa8028f
1115235000,19,23,fe6c0117
1115245000,19,24,ff3dfd3c
1115255000,19,25,00530073
1115265000,19,26,01d6fea7
1115275000,19,27,fedc045c
1115285000,19,28,fff2fab8
1115295000,19,29,0019030b
1115305000,19,30,00c2fee5
1115315000,19,31,ffce0019
1117195000,20,0,ff96ffe0
1117205000,20,1,ffef0002
1117215000,20,2,01060183
1117225000,20,3,fe59fd84
1117235000,20,4,01e1016d
1117245000,20,5,fef4fd20
1117255000,20,6,013f049a
1117265000,20,7,fc8efe60
1117275000,20,8,0312fc30
1117285000,20,9,fe0703c0
1117295000,20,10,03160137
1117305000,20,11,fb13fdf0
1117315000,20,12,04afffbf
1117325000,20,13,fdce00ce
1117335000,20,14,ffe5fff8
1117345000,20,15,00d6fff4
1119225000,20,16,ffeb0005
1119235000,20,17,ffde00d6
1119245000,20,18,ff62fd03
1119255000,20,19,00ca02b0
1119265000,20,20,ff24fe97
1119275000,20,21,02f0ffdb
1119285000,20,22,fdab0212
1119295000,20,23,0057fed1
1119305000,20,24,fe9ffe79
1119315000,20,25,012201fc
1119325000,20,26,00140009
1119335000,20,27,ff5e0268
1119345000,20,28,ff3af9eb
1119355000,20,29,00dc02cf
1119365000,20,30,0007ff82
1119375000,20,31,0025000b
1121255000,21,0,0033ffb1
1121265000,21,1,ff86ff44
1121275000,21,2,015701f7
1121285000,21,3,fe76fdfc
1121295000,21,4,00a000f0
1121305000,21,5,0035fd53
1121315000,21,6,006c0454
1121325000,21,7,fddffc35
1121335000,21,8,018501c3
1121345000,21,9,ff2a0012
1121355000,21,10,feadff89
1121365000,21,11,02b80160
1121375000,21,12,ffe0fff8
1121385000,21,13,fe3fff63
1121395000,21,14,01b0ff58
1121405000,21,15,ff7700db
1123285000,21,16,ffe80017
1123295000,21,17,0126003b
1123305000,21,18,fd80ffb1
1123315000,21,19,01c10022
1123325000,21,20,ff390091
1123335000,21,21,0139fe1c
1123345000,21,22,ff6501da
1123355000,21,23,fcf40134
1123365000,21,24,0160fd51
1123375000,21,25,02d0008b
1123385000,21,26,fea001c9
1123395000,21,27,014bfee4
1123405000,21,28,fde30013
1123415000,21,29,01010066
1123425000,21,30,ffe700b0
1123435000,21,31,ff80ff4e
1125315000,22,0,ffa0ff76
1125325000,22,1,010d00f5
1125335000,22,2,fec0ff43
1125345000,22,3,01c900fd
1125355000,22,4,fe19fe3b
1125365000,22,5,0236fe72
1125375000,22,6,fd76041a
1125385000,22,7,0265fe7f
1125395000,22,8,fbc8fe0a
1125405000,22,9,049d006b
1125415000,22,10,fdfa031b
1125425000,22,11,feb7fdab
1125435000,22,12,0233fff5
1125445000,22,13,fedc0152
1125455000,22,14,0044fef0
1125465000,22,15,0037009d
1127345000,22,16,001b00ce
1127355000,22,17,ffdafefd
1127365000,22,18,ff8b006e
1127375000,22,19,0005fec6
1127385000,22,20,00d200dc
1127395000,22,21,01b60077
1127405000,22,22,fb68fe81
1127415000,22,23,0477036a
1127425000,22,24,fcb3fe38
1127435000,22,25,02a8fe63
1127445000,22,26,fd61033e
1127455000,22,27,fff7fc6a
1127465000,22,28,00bc01b2
1127475000,22,29,00bcfee5
1127485000,22,30,ff900127
1127495000,22,31,ff99ff22
1129375000,23,0,ffeaffcb
1129385000,23,1,00caffdf
1129395000,23,2,fdf600ff
1129405000,23,3,0254ff0d
1129415000,23,4,ff9fff65
1129425000,23,5,fe09feb4
1129435000,23,6,01dc04b2
1129445000,23,7,feb3fd10
1129455000,23,8,fe860055
1129465000,23,9,0690fe3d
1129475000,23,10,f99e0465
1129485000,23,11,020afc19
1129495000,23,12,fff1009f
1129505000,23,13,005900c4
1129515000,23,14,ff380006
1129525000,23,15,008bfff6
1131405000,23,16,ff62ffdd
1131415000,23,17,004a0066
1131425000,23,18,ffa9ff7d
1131435000,23,19,fef5ffb3
1131445000,23,20,03760074
1131455000,23,21,fcd6ff60
1131465000,23,22,008e01a3
1131475000,23,23,ffc800d2
1131485000,23,24,fe5efe95
1131495000,23,25,02d4ff2c
1131505000,23,26,fcbd0389
1131515000,23,27,034dfda1
1131525000,23,28,fe0e0146
1131535000,23,29,fe5cfdca
1131545000,23,30,01c80133
1131555000,23,31,0026ffd6
1133435000,24,0,ffe6ffc3
1133445000,24,1,ff10ff6d
1133455000,24,2,014e0202
1133465000,24,3,fe08fdd4
1133475000,24,4,03600138
1133485000,24,5,fc1dfd5b
1133495000,24,6,03780393
1133505000,24,7,fcc4ff8e
1133515000,24,8,ff90fd5b
1133525000,24,9,03880239
1133535000,24,10,ffaa0082
1133545000,24,11,fbd8ff3c
1133555000,24,12,048a0056
1133565000,24,13,febbff37
1133575000,24,14,ff680035
1133585000,24,15,00b40032
1135465000,24,16,ffc70069
1135475000,24,17,00d2ffb2
1135485000,24,18,fdeeffdc
1135495000,24,19,01cffee6
1135505000,24,20,00520425
1135515000,24,21,0186fa18
1135525000,24,22,fe44043d
1135535000,24,23,007a018b
1135545000,24,24,fd35fc0b
1135555000,24,25,05f202f6
1135565000,24,26,fc8cffde
1135575000,24,27,002900f6
1135585000,24,28,009efe07
1135595000,24,29,000aff60
1135605000,24,30,003e0191
1135615000,24,31,0012ff51
1137495000,25,0,ffe4ffe2
1137505000,25,1,ff8d00a0
1137515000,25,2,008bff28
1137525000,25,3,ffbc009b
1137535000,25,4,fefb0052
1137545000,25,5,0256fc5f
1137555000,25,6,fcde081c
1137565000,25,7,00ecfab5
1137575000,25,8,0232ffd8
1137585000,25,9,003d00a2
1137595000,25,10,fe2501f0
1137605000,25,11,ffcafcaf
1137615000,25,12,01cb0258
1137625000,25,13,ff08fde3
1137635000,25,14,ffde0170
1137645000,25,15,001eff75
1139525000,25,16,0082fff3
1139535000,25,17,000dff95
1139545000,25,18,006d0095
1139555000,25,19,ff5a008f
1139565000,25,20,fff1fe78
1139575000,25,21,02180138
1139585000,25,22,fe40fe9c
1139595000,25,23,01d000cd
1139605000,25,24,fa6800d9
1139615000,25,25,0693fedd
1139625000,25,26,fe2301a5
1139635000,25,27,fee8ff2f
1139645000,25,28,ff5dfea8
1139655000,25,29,0114ff8a
1139665000,25,30,019000ee
1139675000,25,31,fe8a0011
1141555000,26,0,ffc5006e
1141565000,26,1,ff98fef0
1141575000,26,2,014f0142
1141585000,26,3,fedffee1
1141595000,26,4,ff9e0158
1141605000,26,5,01adfd64
1141615000,26,6,fd9604c9
1141625000,26,7,0134fbf1
1141635000,26,8,0129ff06
1141645000,26,9,feb4044a
1141655000,26,10,ffefff22
1141665000,26,11,ffedfc2b
1141675000,26,12,004c03e4
1141685000,26,13,009ffeae
1141695000,26,14,ff9c0083
1141705000,26,15,0020ff57
1143585000,26,16,ffbe000c
1143595000,26,17,00b6fff8
1143605000,26,18,ff6a0043
1143615000,26,19,0051ff79
1143625000,26,20,00350186
1143635000,26,21,0140013e
1143645000,26,22,f96bfcbc
1143655000,26,23,074201e2
1143665000,26,24,fcf6fdd8
1143675000,26,25,0108029a
1143685000,26,26,ff540107
1143695000,26,27,0177fe6f
1143705000,26,28,00d300aa
1143715000,26,29,fd96ffa8
1143725000,26,30,00ab009e
1143735000,26,31,0042ff76
1145615000,27,0,000fff7f
1145625000,27,1,ff770000
1145635000,27,2,00a1008a
1145645000,27,3,007dfddc
1145655000,27,4,feae02fe
1145665000,27,5,0205fc7e
1145675000,27,6,fe0302fd
1145685000,27,7,00e3fdaa
1145695000,27,8,fe5b00b5
1145705000,27,9,00c30022
1145715000,27,10,00ed01c6
1145725000,27,11,ff75fda6
1145735000,27,12,ff4c0252
1145745000,27,13,0099fe10
1145755000,27,14,007300a7
1145765000,27,15,ffeb00ac
1147645000,27,16,ffa1009f
1147655000,27,17,0064ffc4
1147665000,27,18,fee5fefe
1147675000,27,19,028700e4
1147685000,27,20,fd47031f
1147695000,27,21,ff5efc15
1147705000,27,22,01a600f7
1147715000,27,23,ff47008c
1147725000,27,24,0019fe29
1147735000,27,25,ffbe006c
1147745000,27,26,013902c0
1147755000,27,27,0187fd2a
1147765000,27,28,fdf30261
1147775000,27,29,0044fe13
1147785000,27,30,ffb001a3
1147795000,27,31,002ffece
1149675000,28,0,ffafffd0
1149685000,28,1,00540028
1149695000,28,2,ff5100b9
1149705000,28,3,00b2fde8
1149715000,28,4,006702ba
1149725000,28,5,fdfffb67
1149735000,28,6,015907db
1149745000,28,7,ffa7f9f1
1149755000,28,8,fead00b6
1149765000,28,9,03ea0134
1149775000,28,10,fd570315
1149785000,28,11,ffe0fb42
1149795000,28,12,01bd00ac
1149805000,28,13,ff2f00e1
1149815000,28,14,ffa7ffcb
1149825000,28,15,0033ffe1
1151705000,28,16,003d005e
1151715000,28,17,0029001f
1151725000,28,18,fe0afe97
1151735000,28,19,03a900bc
1151745000,28,20,fd110232
1151755000,28,21,04f2fa62
1151765000,28,22,fb5206af
1151775000,28,23,0020fe8d
1151785000,28,24,0151fcd8
1151795000,28,25,ffe9038d
1151805000,28,26,0180005f
1151815000,28,27,fd690008
1151825000,28,28,0049fd3c
1151835000,28,29,01340172
1151845000,28,30,ffc4001f
1151855000,28,31,001eff77
1153735000,29,0,ffbfffbb
1153745000,29,1,ffb60014
1153755000,29,2,015a00f6
1153765000,29,3,fdcefe66
1153775000,29,4,03aa00ec
1153785000,29,5,fc30fd09
1153795000,29,6,024104fa
1153805000,29,7,fe94fd3a
1153815000,29,8,ff13fed1
1153825000,29,9,03520128
1153835000,29,10,fd820228
1153845000,29,11,fff8fe1a
1153855000,29,12,00e0feac
1153865000,29,13,fff00267
1153875000,29,14,ff3ffecc
1153885000,29,15,00c60092
1155765000,29,16,fff80041
1155775000,29,17,ffceffa9
1155785000,29,18,fefeffdb
1155795000,29,19,0259ffe1
1155805000,29,20,fcab00b7
1155815000,29,21,0497fdaa
1155825000,29,22,fd220443
1155835000,29,23,ff5afccf
1155845000,29,24,000a0085
1155855000,29,25,00b000bd
1155865000,29,26,016401b9
1155875000,29,27,fe41fe3f
1155885000,29,28,fdf7ff6f
1155895000,29,29,02cbff50
1155905000,29,30,fef000d5
1155915000,29,31,0034ff79
1157795000,30,0,ffdd0057
1157805000,30,1,0075ffc7
1157815000,30,2,0036013c
1157825000,30,3,feb5fdc7
1157835000,30,4,01bd01c1
1157845000,30,5,0076fdc5
1157855000,30,6,fcda0353
1157865000,30,7,03bffc6e
1157875000,30,8,fad30143
1157885000,30,9,04ab0079
1157895000,30,10,ff8001b2
1157905000,30,11,fd75fccd
1157915000,30,12,01030209
1157925000,30,13,013eff1f
1157935000,30,14,ff18014b
1157945000,30,15,002bfeea
1159825000,30,16,002e000e
1159835000,30,17,ff63ff98
1159845000,30,18,ff8f0054
1159855000,30,19,0335feae
1159865000,30,20,fb7a0299
1159875000,30,21,032bfd37
1159885000,30,22,feaa0382
1159895000,30,23,fec4fc50
1159905000,30,24,01920102
1159915000,30,25,ff8900a2
1159925000,30,26,00a10008
1159935000,30,27,009dff9e
1159945000,30,28,ffde00b3
1159955000,30,29,0109ffb3
1159965000,30,30,fda600a6
1159975000,30,31,00c2ff60
1161855000,31,0,fff10033
1161865000,31,1,0012ffd8
1161875000,31,2,ffee0093
1161885000,31,3,ff19001c
1161895000,31,4,0395fe57
1161905000,31,5,fae50062
1161915000,31,6,042f0363
1161925000,31,7,fcfdfb38
1161935000,31,8,017b047f
1161945000,31,9,00c0fa86
1161955000,31,10,00b20493
1161965000,31,11,fb8dff2a
1161975000,31,12,0337fe17
1161985000,31,13,00d9020c
1161995000,31,14,fe79ff0f
1162005000,31,15,004dfffe
1163885000,31,16,000e0069
1163895000,31,17,0045ff2a
1163905000,31,18,00e20099
1163915000,31,19,ff7cff35
1163925000,31,20,00f10213
1163935000,31,21,fdfdfe6c
1163945000,31,22,009a0043
1163955000,31,23,ff70002c
1163965000,31,24,0016febf
1163975000,31,25,03bd00d8
1163985000,31,26,fdc6feff
1163995000,31,27,ff680203
1164005000,31,28,008ffe79
1164015000,31,29,0029011e
1164025000,31,30,ffcaffb9
1164035000,31,31,ff94ff78
1165915000,32,0,ffe8ffde
1165925000,32,1,00830067
1165935000,32,2,febeff5b
1165945000,32,3,00930044
1165955000,32,4,01a30195
1165965000,32,5,fd10fb4d
1165975000,32,6,02cf0598
1165985000,32,7,fc48fe13
1165995000,32,8,03b2fee8
1166005000,32,9,fe49fe85
1166015000,32,10,01c804df
1166025000,32,11,fabbfe5a
1166035000,32,12,069bfd5d
1166045000,32,13,fdb4029f
1166055000,32,14,ff5bfeb6
1166065000,32,15,00520037
1167945000,32,16,0047007a
1167955000,32,17,ff92001f
1167965000,32,18,0021fe61
1167975000,32,19,00d601d7
1167985000,32,20,fe89ffa1
1167995000,32,21,039ffe59
1168005000,32,22,fd410251
1168015000,32,23,ff00ff6c
1168025000,32,24,019f00a2
1168035000,32,25,fc8c0037
1168045000,32,26,028bfcc3
1168055000,32,27,002e0401
1168065000,32,28,ffb9fa03
1168075000,32,29,004304bd
1168085000,32,30,fff3fed3
1168095000,32,31,0004ffb8
1169975000,33,0,ff98001a
1169985000,33,1,0046000d
1169995000,33,2,007800ed
1170005000,33,3,fe45fdec
1170015000,33,4,01d3025e
1170025000,33,5,ff9dfce4
1170035000,33,6,00530406
1170045000,33,7,feb3fdd3
1170055000,33,8,ffb6fe8c
1170065000,33,9,02260183
1170075000,33,10,00200221
1170085000,33,11,fc7ffc00
1170095000,33,12,02f30278
1170105000,33,13,ff93ffac
1170115000,33,14,ffa1ffc8
1170125000,33,15,004dffc9
1172005000,33,16,002bffef
1172015000,33,17,fff80068
1172025000,33,18,ffbeff56
1172035000,33,19,ffd6ffe5
1172045000,33,20,00640035
1172055000,33,21,019dfd86
1172065000,33,22,0177043c
1172075000,33,23,fd51fe7b
1172085000,33,24,fddd0105
1172095000,33,25,0290ff2a
1172105000,33,26,0198fdd4
1172115000,33,27,fde60425
1172125000,33,28,000cfb3b
1172135000,33,29,01830388
1172145000,33,30,fee3fe1e
1172155000,33,31,00630083
1174035000,34,0,ff890020
1174045000,34,1,ffacfeec
1174055000,34,2,00ae0240
1174065000,34,3,fee9ff13
1174075000,34,4,00f9ff24
1174085000,34,5,016e0090
1174095000,34,6,fe400136
1174105000,34,7,0030fe33
1174115000,34,8,0055ff72
1174125000,34,9,ff4800d8
1174135000,34,10,01bc0054
1174145000,34,11,fd230117
1174155000,34,12,021dfdd6
1174165000,34,13,0072004c
1174175000,34,14,fdca00da
1174185000,34,15,0188ffd3
1176065000,34,16,ffed0025
1176075000,34,17,00380027
1176085000,34,18,ff1efec8
1176095000,34,19,02300132
1176105000,34,20,fd03fe0e
1176115000,34,21,03cf0302
1176125000,34,22,ff66feee
1176135000,34,23,fce0ff57
1176145000,34,24,022dfeab
1176155000,34,25,fe9c00f1
1176165000,34,26,0306018e
1176175000,34,27,fd48fed4
1176185000,34,28,0027fed6
1176195000,34,29,0219ff3a
1176205000,34,30,feba0138
1176215000,34,31,0074ff7f
1178095000,35,0,ff71ff74
1178105000,35,1,00aa00bb
1178115000,35,2,fefa0011
1178125000,35,3,0013fdb0
1178135000,35,4,017e029b
1178145000,35,5,fdd8fe39
1178155000,35,6,004403c6
1178165000,35,7,006afc15
1178175000,35,8,01d301d2
1178185000,35,9,fe88fec1
1178195000,35,10,002002ed
1178205000,35,11,ffb3fbe0
1178215000,35,12,0152027b
1178225000,35,13,ff0eff97
1178235000,35,14,ffa6fed8
1178245000,35,15,00a00117
1180125000,35,16,00450015
1180135000,35,17,ffbd0082
1180145000,35,18,00aafe2d
1180155000,35,19,fe9e01e5
1180165000,35,20,01bfffe3
1180175000,35,21,ff5afcc6
1180185000,35,22,0197050c
1180195000,35,23,fddffce8
1180205000,35,24,02190113
1180215000,35,25,ff01003c
1180225000,35,26,005effb3
1180235000,35,27,fed202b7
1180245000,35,28,ff57fad9
1180255000,35,29,0300020c
1180265000,35,30,fee50078
1180275000,35,31,ffe1ff94
1182155000,36,0,ff66ffd6
1182165000,36,1,005e0069
1182175000,36,2,00180121
1182185000,36,3,ff51fd3b
1182195000,36,4,00ff0275
1182205000,36,5,00b1fc49
1182215000,36,6,fda70631
1182225000,36,7,01fffb10
1182235000,36,8,fcfc0022
1182245000,36,9,038e00cf
1182255000,36,10,ffb002c7
1182265000,36,11,fc29fd33
1182275000,36,12,0467000f
1182285000,36,13,fe470083
1182295000,36,14,ffb90033
1182305000,36,15,00b3ffb6
1184185000,36,16,ffe0ffe6
1184195000,36,17,007c00b7
1184205000,36,18,fe2dfe50
1184215000,36,19,012800a3
1184225000,36,20,0212ffe7
1184235000,36,21,001200b9
1184245000,36,22,fd2b0028
1184255000,36,23,0043ff31
1184265000,36,24,0184ff22
1184275000,36,25,00a802f1
1184285000,36,26,fdc3fc78
1184295000,36,27,01ee0489
1184305000,36,28,fe3efaa1
1184315000,36,29,0196021f
1184325000,36,30,ff89ff60
1184335000,36,31,00630043
1186215000,37,0,000affe9
1186225000,37,1,ff65ffa8
1186235000,37,2,014f00c7
1186245000,37,3,fdf4fdc2
1186255000,37,4,02f60362
1186265000,37,5,fc6afb85
1186275000,37,6,00ce03e7
1186285000,37,7,009f0006
1186295000,37,8,ffe6fdcf
1186305000,37,9,014f0148
1186315000,37,10,ff51011b
1186325000,37,11,fd06fe1e
1186335000,37,12,0426008e
1186345000,37,13,ff82010b
1186355000,37,14,fe66fe97
1186365000,37,15,00e70092
1188245000,37,16,0007001a
1188255000,37,17,ff8100fb
1188265000,37,18,ffcffdd3
1188275000,37,19,ff4401f5
1188285000,37,20,01b0fffd
1188295000,37,21,ffd1fcfe
1188305000,37,22,01960329
1188315000,37,23,fce40056
1188325000,37,24,000d001c
1188335000,37,25,003dfef5
1188345000,37,26,021fff49
1188355000,37,27,ff18039d
1188365000,37,28,fed4fc05
1188375000,37,29,0119014e
1188385000,37,30,ff54004b
1188395000,37,31,0078ffa4
1190275000,38,0,ffd30016
1190285000,38,1,0039005e
1190295000,38,2,0045ff5a
1190305000,38,3,ff0400fc
1190315000,38,4,00590050
1190325000,38,5,02eafc49
1190335000,38,6,fd6106e3
1190345000,38,7,0057f882
1190355000,38,8,fdbf02a0
1190365000,38,9,04050090
1190375000,38,10,fd11018c
1190385000,38,11,0126fdca
1190395000,38,12,ff4500c2
1190405000,38,13,00b0ff75
1190415000,38,14,ffc900f7
1190425000,38,15,fff7ff84
1192305000,38,16,ffdb0088
1192315000,38,17,ff48ff1b
1192325000,38,18,01a3005b
1192335000,38,19,ff90ff88
1192345000,38,20,ffdfffd0
1192355000,38,21,feb30132
1192365000,38,22,fff8fe0d
1192375000,38,23,0372026a
1192385000,38,24,fc99fd54
1192395000,38,25,02b40219
1192405000,38,26,fcef01ad
1192415000,38,27,0072fbe4
1192425000,38,28,000900e4
1192435000,38,29,0185fffe
1192445000,38,30,fef2006b
1192455000,38,31,0090ff56
1194335000,39,0,ffff0000
1194345000,39,1,ff74ff32
1194355000,39,2,ffe00265
1194365000,39,3,014afcea
1194375000,39,4,fe6b02f2
1194385000,39,5,0029fd64
1194395000,39,6,02de029f
1194405000,39,7,fc66ffea
1194415000,39,8,00b7fd56
1194425000,39,9,030e0016
1194435000,39,10,fdca047d
1194445000,39,11,ff0afb80
1194455000,39,12,0223004c
1194465000,39,13,fee100cc
1194475000,39,14,ff44fff3
1194485000,39,15,00aa002c
1196365000,39,16,0003ffc3
1196375000,39,17,ff88006a
1196385000,39,18,fff7fe92
1196395000,39,19,01580227
1196405000,39,20,fddcff74
1196415000,39,21,0232fd48
1196425000,39,22,ffc70310
1196435000,39,23,fd6e00e5
1196445000,39,24,01cdfda5
1196455000,39,25,fe0aff44
1196465000,39,26,0385007a
1196475000,39,27,ff8c019b
1196485000,39,28,ffb4fee8
1196495000,39,29,0100fffe
1196505000,39,30,fdfd0058
1196515000,39,31,014affbd
1198395000,40,0,ffd5ffe3
1198405000,40,1,ff640009
1198415000,40,2,016a004e
1198425000,40,3,fe1afebc
1198435000,40,4,01930143
1198445000,40,5,fe5efceb
1198455000,40,6,01410677
1198465000,40,7,fe53fc03
1198475000,40,8,00e7fe2b
1198485000,40,9,01a802bb
1198495000,40,10,fef2010c
1198505000,40,11,fcd2fe5c
1198515000,40,12,05510063
1198525000,40,13,fdd6ff99
1198535000,40,14,ffc3002b
1198545000,40,15,0081ffed
1200425000,40,16,00510014
1200435000,40,17,ffa90113
1200445000,40,18,fe85fda4
1200455000,40,19,01e30148
1200465000,40,20,ff6a0108
1200475000,40,21,0331fc31
1200485000,40,22,fca604b0
1200495000,40,23,0149ff87
1200505000,40,24,fc2fff0a
1200515000,40,25,04e100f7
1200525000,40,26,fdf9fe98
1200535000,40,27,003d0292
1200545000,40,28,0056fb82
1200555000,40,29,00d502fd
1200565000,40,30,ff5cffa4
1200575000,40,31,0047ffaf
1202455000,41,0,000aff6d
1202465000,41,1,002c00b2
1202475000,41,2,fdfe0089
1202485000,41,3,02c7fdd6
1202495000,41,4,ff23020b
1202505000,41,5,ff69ff61
1202515000,41,6,00840014
1202525000,41,7,0004ff34
1202535000,41,8,fe6201b5
1202545000,41,9,023afc64
1202555000,41,10,fdac05a3
1202565000,41,11,0351fd02
1202575000,41,12,fd6dffe7
1202585000,41,13,0131ffd5
1202595000,41,14,ffe60014
1202605000,41,15,ffd40040
1204485000,41,16,0014001a
1204495000,41,17,00affff2
1204505000,41,18,ff72ff52
1204515000,41,19,00e501df
1204525000,41,20,fe6d009c
1204535000,41,21,02bffdb2
1204545000,41,22,fb39020f
1204555000,41,23,03d3fbfd
1204565000,41,24,ff4602e8
1204575000,41,25,003f0212
1204585000,41,26,fec6fd6c
1204595000,41,27,0305014b
1204605000,41,28,fe39fec6
1204615000,41,29,006b016a
1204625000,41,30,0017ff87
1204635000,41,31,fff3ffc1
1206515000,42,0,ffe80016
1206525000,42,1,ffb7fff5
1206535000,42,2,002bfff0
1206545000,42,3,008b007c
1206555000,42,4,fdf3ff4c
1206565000,42,5,026cffce
1206575000,42,6,fe88022e
1206585000,42,7,ffbbfe7f
1206595000,42,8,00a4ff9a
1206605000,42,9,ff8b0111
1206615000,42,10,02730186
1206625000,42,11,fe55fc94
1206635000,42,12,ff3902dc
1206645000,42,13,020afc5c
1206655000,42,14,fea2030c
1206665000,42,15,002dfeb9
1208545000,42,16,0062ffd7
1208555000,42,17,ffe800f4
1208565000,42,18,002bfd60
1208575000,42,19,0061037e
1208585000,42,20,ff64ff4b
1208595000,42,21,016cfe1f
1208605000,42,22,feb101d3
1208615000,42,23,fe07ff6d
1208625000,42,24,01d8fe47
1208635000,42,25,01e001ec
1208645000,42,26,ff7ffed0
1208655000,42,27,0077036e
1208665000,42,28,ff72fcdf
1208675000,42,29,002c0089
1208685000,42,30,0075011d
1208695000,42,31,ffa1ff67
1210575000,43,0,0003ffd0
1210585000,43,1,ffaeffef
1210595000,43,2,ff7e0061
1210605000,43,3,00d8fe2c
1210615000,43,4,ff4103d7
1210625000,43,5,0115fcc3
1210635000,43,6,000302ce
1210645000,43,7,ff86fd2e
1210655000,43,8,ffd5002c
1210665000,43,9,ff9a00b7
1210675000,43,10,016c0271
1210685000,43,11,ffa6fbe6
1210695000,43,12,ff0302a9
1210705000,43,13,005bfe53
1210715000,43,14,00a700bc
1210725000,43,15,ff94002c
1212605000,43,16,ffe10066
1212615000,43,17,00b2ff8e
1212625000,43,18,ff0fff37
1212635000,43,19,03b001ca
1212645000,43,20,fa370080
1212655000,43,21,0415ff3a
1212665000,43,22,fdba00c9
1212675000,43,23,00a8ff23
1212685000,43,24,0099fe6c
1212695000,43,25,fe4e026a
1212705000,43,26,0389ff31
1212715000,43,27,ff100032
1212725000,43,28,fecf0016
1212735000,43,29,013f002e
1212745000,43,30,ffb6ffe7
1212755000,43,31,fffcffa1
1214635000,44,0,fff0ffcd
1214645000,44,1,ffb1ffe2
1214655000,44,2,0023013e
1214665000,44,3,0049fd56
1214675000,44,4,fefd02aa
1214685000,44,5,016efc97
1214695000,44,6,fda506ab
1214705000,44,7,017cfafa
1214715000,44,8,ffbefeff
1214725000,44,9,024303a8
1214735000,44,10,fd4b0118
1214745000,44,11,0137fa0a
1214755000,44,12,004904da
1214765000,44,13,ff9afd63
1214775000,44,14,0019010f
1214785000,44,15,ffe8ffc2
1216665000,44,16,00510058
1216675000,44,17,ffd3ffb3
1216685000,44,18,fe19feef
1216695000,44,19,0560012f
1216705000,44,20,fadd000c
1216715000,44,21,04e5ff84
1216725000,44,22,fba502a8
1216735000,44,23,0192fe06
1216745000,44,24,012f0028
1216755000,44,25,fdb50175
1216765000,44,26,025fffd7
1216775000,44,27,fe9c010f
1216785000,44,28,ff8ffdc0
1216795000,44,29,025700f0
1216805000,44,30,fe870026
1216815000,44,31,004effb0
1218695000,45,0,003a0037
1218705000,45,1,ffefffbf
1218715000,45,2,ffbb010a
1218725000,45,3,0048fe1d
1218735000,45,4,00f202c1
1218745000,45,5,00bffc9e
1218755000,45,6,fc1a0212
1218765000,45,7,049eff16
1218775000,45,8,faac0095
1218785000,45,9,0429ff07
1218795000,45,10,00fb022c
1218805000,45,11,fbbefe05
1218815000,45,12,01cc00ff
1218825000,45,13,00f1fec4
1218835000,45,14,ffa40194
1218845000,45,15,ff7cff38
1220725000,45,16,00110032
1220735000,45,17,ffef002a
1220745000,45,18,fe04feb5
1220755000,45,19,0524006f
1220765000,45,20,fb7e002b
1220775000,45,21,02baff58
1220785000,45,22,fdbd0209
1220795000,45,23,00a2ffa9
1220805000,45,24,01adfdc2
1220815000,45,25,ff5702b2
1220825000,45,26,012c0011
1220835000,45,27,fc74ffd5
1220845000,45,28,0094fdf5
1220855000,45,29,02ac00e0
1220865000,45,30,fe73ffe5
1220875000,45,31,004aff97
1222755000,46,0,004d002c
1222765000,46,1,ffa60003
1222775000,46,2,ffec00a5
1222785000,46,3,00f5fe99
1222795000,46,4,feb10131
1222805000,46,5,01befd29
1222815000,46,6,ff390358
1222825000,46,7,fd44fe78
1222835000,46,8,0081ffaa
1222845000,46,9,040c00c9
1222855000,46,10,fc8c0201
1222865000,46,11,005bfc8b
1222875000,46,12,011d02f1
1222885000,46,13,fefcfddf
1222895000,46,14,013b01b2
1222905000,46,15,ff78fee8
1224785000,46,16,001d0038
1224795000,46,17,ff40ffd6
1224805000,46,18,0014ff80
1224815000,46,19,028c0026
1224825000,46,20,fc840238
1224835000,46,21,0133fe53
1224845000,46,22,ff51ffba
1224855000,46,23,ff8b0092
1224865000,46,24,ff67fdba
1224875000,46,25,012204a0
1224885000,46,26,028cfc26
1224895000,46,27,fd4e0318
1224905000,46,28,00e4fdd2
1224915000,46,29,ff7f01ff
1224925000,46,30,ff73ff14
1224935000,46,31,0067ffd8
1226815000,47,0,ffc2ff48
1226825000,47,1,00220101
1226835000,47,2,ff27ff27
1226845000,47,3,ff78ffdf
1226855000,47,4,02df00cc
1226865000,47,5,fd48ffbf
1226875000,47,6,ff750058
1226885000,47,7,03e4ffe9
1226895000,47,8,fb0c0142
1226905000,47,9,047cfcaf
1226915000,47,10,fddf0323
1226925000,47,11,0176ff93
1226935000,47,12,fe17fe82
1226945000,47,13,024a0049
1226955000,47,14,fdc9ff7e
1226965000,47,15,00f600f5
1228845000,47,16,0030006e
1228855000,47,17,001fffed
1228865000,47,18,ffe7ff47
1228875000,47,19,00320034
1228885000,47,20,ffb60096
1228895000,47,21,0256fff2
1228905000,47,22,fe25ff78
1228915000,47,23,ffff0284
1228925000,47,24,fe4afc0a
1228935000,47,25,0251024b
1228945000,47,26,fed90097
1228955000,47,27,0024fbe6
1228965000,47,28,02d8031a
1228975000,47,29,fddafe22
1228985000,47,30,00f3020a
1228995000,47,31,ff7bfebe
1230875000,48,0,ffe20004
1230885000,48,1,ffbeffd6
1230895000,48,2,006c0103
1230905000,48,3,ff19fd4a
1230915000,48,4,02e103cd
1230925000,48,5,f9dcfac1
1230935000,48,6,05420571
1230945000,48,7,fccdffaa
1230955000,48,8,025afbb4
1230965000,48,9,ffbc03b6
1230975000,48,10,003c0071
1230985000,48,11,fd07fe18
1230995000,48,12,039bff83
1231005000,48,13,fff60217
1231015000,48,14,fe26fec3
1231025000,48,15,00ffffe0
1232905000,48,16,0025006b
1232915000,48,17,ffae003d
1232925000,48,18,ff77fdd0
1232935000,48,19,029e01f6
1232945000,48,20,fbc50040
1232955000,48,21,0730fdb5
1232965000,48,22,fa2c0429
1232975000,48,23,019afef3
1232985000,48,24,ff11ffb9
1232995000,48,25,fe500163
1233005000,48,26,0229fea4
1233015000,48,27,ff4801f6
1233025000,48,28,0055fcac
1233035000,48,29,002e01fb
1233045000,48,30,ffcc008b
1233055000,48,31,002cff49
1234935000,49,0,ffeb0016
1234945000,49,1,ffa2ff43
1234955000,49,2,0016022c
1234965000,49,3,000ffc6b
1234975000,49,4,00720317
1234985000,49,5,ff19fe6a
1234995000,49,6,01950056
1235005000,49,7,fc0c0137
1235015000,49,8,039dfeec
1235025000,49,9,0064fe79
1235035000,49,10,ff6a03f8
1235045000,49,11,fc8dfd5f
1235055000,49,12,045aff6f
1235065000,49,13,ff050246
1235075000,49,14,ff6ffe16
1235085000,49,15,005c007b
1236965000,49,16,0061001c
1236975000,49,17,00900127
1236985000,49,18,fdf7fdd8
1236995000,49,19,020601ef
1237005000,49,20,fe590027
1237015000,49,21,03aafdcb
1237025000,49,22,fbde02b4
1237035000,49,23,0229fe86
1237045000,49,24,fce9ff5e
1237055000,49,25,0426ff9f
1237065000,49,26,00b10038
1237075000,49,27,fe8a0311
1237085000,49,28,0105fc33
1237095000,49,29,ff680223
1237105000,49,30,0022fff8
1237115000,49,31,ffbfff46
1238995000,50,0,ffff0000
1239005000,50,1,fffd0065
1239015000,50,2,fe60ff96
1239025000,50,3,01f4ff33
1239035000,50,4,ff5f01a9
1239045000,50,5,ff1b005a
1239055000,50,6,00aafe4c
1239065000,50,7,00da017a
1239075000,50,8,fe7b01b8
1239085000,50,9,020bfb23
1239095000,50,10,00cc03de
1239105000,50,11,fc7cfd8b
1239115000,50,12,01eb0273
1239125000,50,13,0021fd56
1239135000,50,14,ffd601ac
1239145000,50,15,0002ff50
1241025000,50,16,ffd40001
1241035000,50,17,00980074
1241045000,50,18,ffc3ff1c
1241055000,50,19,fe8a01b9
1241065000,50,20,02e3fefc
1241075000,50,21,fe880004
1241085000,50,22,ffee014d
1241095000,50,23,fdcffcc9
1241105000,50,24,03ba015f
1241115000,50,25,fda600ca
1241125000,50,26,03a1feb8
1241135000,50,27,ff440373
1241145000,50,28,feebfcc0
1241155000,50,29,ff26011e
1241165000,50,30,016affc3
1241175000,50,31,ffef000b
1243055000,51,0,ff95ffdc
1243065000,51,1,005effc4
1243075000,51,2,00cc013a
1243085000,51,3,fedfffb8
1243095000,51,4,ff2ffe5d
1243105000,51,5,0267ff40
1243115000,51,6,fe5e0452
1243125000,51,7,ffbcfe85
1243135000,51,8,01dbfcb8
1243145000,51,9,fce00340
1243155000,51,10,045cfe5c
1243165000,51,11,fb2f00b8
1243175000,51,12,03c10153
1243185000,51,13,fdb7fdd4
1243195000,51,14,01a200f4
1243205000,51,15,ff52ffd3
1245085000,51,16,ffe7005e
1245095000,51,17,00ef00b9
1245105000,51,18,fdc9fdf0
1245115000,51,19,012900cb
1245125000,51,20,0153ff2d
1245135000,51,21,ff5901a6
1245145000,51,22,012cff2d
1245155000,51,23,fdff0139
1245165000,51,24,038ffe96
1245175000,51,25,fc45033b
1245185000,51,26,0017fbe6
1245195000,51,27,021d0287
1245205000,51,28,fff7fdab
1245215000,51,29,ffd302a6
1245225000,51,30,ffccfe69
1245235000,51,31,0063ffdd
1247115000,52,0,ffeb000c
1247125000,52,1,ffc5ff9b
1247135000,52,2,0119018a
1247145000,52,3,fe25fe59
1247155000,52,4,024fffc6
1247165000,52,5,fe4a018f
1247175000,52,6,0198fefd
1247185000,52,7,fe620232
1247195000,52,8,0159f8d8
1247205000,52,9,fd550759
1247215000,52,10,0439fddc
1247225000,52,11,faa10121
1247235000,52,12,04b9fd8a
1247245000,52,13,fea00125
1247255000,52,14,ff420039
1247265000,52,15,005cffdc
1249145000,52,16,ffce000d
1249155000,52,17,0040005f
1249165000,52,18,ff52fdae
1249175000,52,19,015901bb
1249185000,52,20,ff5901a1
1249195000,52,21,ffdefc9f
1249205000,52,22,014500ab
1249215000,52,23,feff01cf
1249225000,52,24,fff4fd41
1249235000,52,25,01f605d1
1249245000,52,26,fc22fc44
1249255000,52,27,02b701c9
1249265000,52,28,fe3dfc05
1249275000,52,29,01b80151
1249285000,52,30,ffaf00e7
1249295000,52,31,0005ff45
1251175000,53,0,ffd5ff7e
1251185000,53,1,00150073
1251195000,53,2,00600011
1251205000,53,3,ff29fec9
1251215000,53,4,031d00ea
1251225000,53,5,f8e9fdf5
1251235000,53,6,06880243
1251245000,53,7,fcd7001d
1251255000,53,8,01ebffc6
1251265000,53,9,fcb5fe55
1251275000,53,10,023201bf
1251285000,53,11,00a5fffd
1251295000,53,12,fec7009a
1251305000,53,13,00cdff87
1251315000,53,14,ffd2ff05
1251325000,53,15,004b00f9
1253205000,53,16,ffd9001c
1253215000,53,17,008e0077
1253225000,53,18,fdc60003
1253235000,53,19,0103ff1e
1253245000,53,20,009effd8
1253255000,53,21,0165fff0
1253265000,53,22,fc570173
1253275000,53,23,000eff47
1253285000,53,24,02ab008a
1253295000,53,25,ff4eff17
1253305000,53,26,ffb40171
1253315000,53,27,00c7ff48
1253325000,53,28,fe6a0086
1253335000,53,29,013b0076
1253345000,53,30,fe6bffbd
1253355000,53,31,0104ff87
1255235000,54,0,ffcffffa
1255245000,54,1,0092005b
1255255000,54,2,fef2ff27
1255265000,54,3,015800c7
1255275000,54,4,fef900bd
1255285000,54,5,0173fbd0
1255295000,54,6,fef104d5
1255305000,54,7,fedafe6c
1255315000,54,8,0021fffa
1255325000,54,9,03e4fd41
1255335000,54,10,fbea0515
1255345000,54,11,0056fbc9
1255355000,54,12,001b020b
1255365000,54,13,019f0044
1255375000,54,14,fea7ff0b
1255385000,54,15,0078007c
1257265000,54,16,006d0046
1257275000,54,17,fff3ffbb
1257285000,54,18,ff59005a
1257295000,54,19,012cff7a
1257305000,54,20,ff6aff8a
1257315000,54,21,ff870228
1257325000,54,22,ff2ffd09
1257335000,54,23,019900b2
1257345000,54,24,fc1d0028
1257355000,54,25,04c9fff1
1257365000,54,26,fd8d00c6
1257375000,54,27,0210fd90
1257385000,54,28,fe7400f0
1257395000,54,29,006d0118
1257405000,54,30,ffbbffc7
1257415000,54,31,ff73ff40
1259295000,55,0,fff7ffd3
1259305000,55,1,ff820066
1259315000,55,2,0168ff3d
1259325000,55,3,fef000d3
1259335000,55,4,00fafed3
1259345000,55,5,fef2ff09
1259355000,55,6,ffd9041d
1259365000,55,7,0164fcd2
1259375000,55,8,fc85fe1f
1259385000,55,9,06d80302
1259395000,55,10,f7c200ab
1259405000,55,11,03fefda3
1259415000,55,12,ff7601b7
1259425000,55,13,0174ffcb
1259435000,55,14,fe51ff7f
1259445000,55,15,00ae007c
1261325000,55,16,fefcffb0
1261335000,55,17,00df009b
1261345000,55,18,fe24ff54
1261355000,55,19,01a6ff03
1261365000,55,20,ff630003
1261375000,55,21,02aa008d
1261385000,55,22,fb3102d2
1261395000,55,23,02dbfd9a
1261405000,55,24,ff9c0134
1261415000,55,25,fef7fda7
1261425000,55,26,019401c6
1261435000,55,27,fff4006b
1261445000,55,28,fe39fef5
1261455000,55,29,01c0ff39
1261465000,55,30,ff130090
1261475000,55,31,011b0018
1263355000,56,0,ffb40029
1263365000,56,1,ffa5feba
1263375000,56,2,00720358
1263385000,56,3,ff0bfc06
1263395000,56,4,02050139
1263405000,56,5,fc70ff80
1263415000,56,6,01c00275
1263425000,56,7,007a014b
1263435000,56,8,feacfb25
1263445000,56,9,03150268
1263455000,56,10,fe4400f2
1263465000,56,11,fe6f0044
1263475000,56,12,029ffd85
1263485000,56,13,ffa6014e
1263495000,56,14,fec6000d
1263505000,56,15,00fcffa3
1265385000,56,16,000e003d
1265395000,56,17,fffb0027
1265405000,56,18,ffa0fdd3
1265415000,56,19,00df02f1
1265425000,56,20,ff21001c
1265435000,56,21,04d4fccd
1265445000,56,22,f947059a
1265455000,56,23,02fefd25
1265465000,56,24,fe8400a9
1265475000,56,25,00d1005d
1265485000,56,26,0110ffed
1265495000,56,27,fd930315
1265505000,56,28,010dfa92
1265515000,56,29,004c017f
1265525000,56,30,00a900ca
1265535000,56,31,ff94ffad
1267415000,57,0,ffeb0006
1267425000,57,1,ffc7001f
1267435000,57,2,ffc7001f
1267445000,57,3,003e0079
1267455000,57,4,feb60021
1267465000,57,5,02d0fd18
1267475000,57,6,fe720385
1267485000,57,7,fe9dfedd
1267495000,57,8,00cf0048
1267505000,57,9,0125fe3b
1267515000,57,10,fe4f0375
1267525000,57,11,00e8fdf3
1267535000,57,12,01b000a9
1267545000,57,13,fe50ff42
1267555000,57,14,00000047
1267565000,57,15,0089ff8b
1269445000,57,16,0067ffff
1269455000,57,17,009a00c3
1269465000,57,18,ff8bfe55
1269475000,57,19,ff840385
1269485000,57,20,00aafe63
1269495000,57,21,009afecb
1269505000,57,22,fd640072
1269515000,57,23,0145ffbb
1269525000,57,24,000b0083
1269535000,57,25,ffdefff5
1269545000,57,26,01c7ffaf
1269555000,57,27,fe8e0249
1269565000,57,28,feb0fc47
1269575000,57,29,025e0125
1269585000,57,30,ff760186
1269595000,57,31,ff71ff07
1271475000,58,0,00180024
1271485000,58,1,ff97ff70
1271495000,58,2,ff760140
1271505000,58,3,012eff36
1271515000,58,4,fd8dffc9
1271525000,58,5,04d8fee6
1271535000,58,6,faf203de
1271545000,58,7,ff6bfd33
1271555000,58,8,03c000ca
1271565000,58,9,01090002
1271575000,58,10,fcb201ee
1271585000,58,11,01ecfba2
1271595000,58,12,ff3b02e9
1271605000,58,13,0054ff20
1271615000,58,14,fff60024
1271625000,58,15,ffffffad
1273505000,58,16,00330082
1273515000,58,17,00c2ffbc
1273525000,58,18,fee6ffba
1273535000,58,19,02380161
1273545000,58,20,fc7d0151
1273555000,58,21,050bfc33
1273565000,58,22,fbb90230
1273575000,58,23,018401a3
1273585000,58,24,fdddfd8a
1273595000,58,25,019801c6
1273605000,58,26,00d0fe68
1273615000,58,27,00d00129
1273625000,58,28,ff7bffab
1273635000,58,29,ff63002f
1273645000,58,30,00410146
1273655000,58,31,ffa4feaf
1275535000,59,0,ffecffab
1275545000,59,1,ff72ff8b
1275555000,59,2,00ca0246
1275565000,59,3,fe9dfb2b
1275575000,59,4,02c10547
1275585000,59,5,fd7cfcc8
1275595000,59,6,ffc5021e
1275605000,59,7,027ffd40
1275615000,59,8,fdfa02a5
1275625000,59,9,fe92fe0b
1275635000,59,10,04ae01c4
1275645000,59,11,fc49ff91
1275655000,59,12,0049ff45
1275665000,59,13,012cffde
1275675000,59,14,ff8b00c4
1275685000,59,15,00370000
1277565000,59,16,ffe400ac
1277575000,59,17,00660040
1277585000,59,18,ff33fe52
1277595000,59,19,00910133
1277605000,59,20,014f01b7
1277615000,59,21,fd9afde4
1277625000,59,22,01fe00d7
1277635000,59,23,feec006c
1277645000,59,24,fed8fed6
1277655000,59,25,02a401f0
1277665000,59,26,fe590038
1277675000,59,27,002bff37
1277685000,59,28,011dff5b
1277695000,59,29,fe70fff8
1277705000,59,30,00ee0103
1277715000,59,31,ffd4fed6
1279595000,60,0,ff8bffbe
1279605000,60,1,004e0058
1279615000,60,2,00d100e9
1279625000,60,3,fcfffdac
1279635000,60,4,041701cb
1279645000,60,5,fb17fd92
1279655000,60,6,05220547
1279665000,60,7,fc46fd13
1279675000,60,8,0097fe2a
1279685000,60,9,02660230
1279695000,60,10,ff03013d
1279705000,60,11,ff39fd34
1279715000,60,12,00bb0079
1279725000,60,13,ffd9010e
1279735000,60,14,ffa6fecf
1279745000,60,15,004e007d
1281625000,60,16,003dffe3
1281635000,60,17,005b0050
1281645000,60,18,fe7ffe36
1281655000,60,19,03060253
1281665000,60,20,fce5ff7f
1281675000,60,21,0422fbfc
1281685000,60,22,fd1b070f
1281695000,60,23,00cffb60
1281705000,60,24,ffe101a7
1281715000,60,25,ffa501d6
1281725000,60,26,01b5fe10
1281735000,60,27,fdb80289
1281745000,60,28,fff9fb5f
1281755000,60,29,027a021a
1281765000,60,30,ff850053
1281775000,60,31,ff97ffa8
1283655000,61,0,ffa6000a
1283665000,61,1,ffdfff69
1283675000,61,2,01650265
1283685000,61,3,fe86fcd4
1283695000,61,4,00780214
1283705000,61,5,027dfd43
1283715000,61,6,fa8104ff
1283725000,61,7,0475fa75
1283735000,61,8,fef40238
1283745000,61,9,ff0d009d
1283755000,61,10,0139008b
1283765000,61,11,fe2cfe54
1283775000,61,12,01be003e
1283785000,61,13,fff300b7
1283795000,61,14,feb1ffed
1283805000,61,15,00ddfff3
1285685000,61,16,00130051
1285695000,61,17,ffa9ff38
1285705000,61,18,00040012
1285715000,61,19,00dfffe8
1285725000,61,20,ff130070
1285735000,61,21,01f6fedb
1285745000,61,22,fd0a001c
1285755000,61,23,03530248
1285765000,61,24,fb09fb9d
1285775000,61,25,05c502f2
1285785000,61,26,fdd60264
1285795000,61,27,ff35fc88
1285805000,61,28,ffd10022
1285815000,61,29,ffd0feef
1285825000,61,30,018c015e
1285835000,61,31,ff25ff84
1287715000,62,0,005bff55
1287725000,62,1,002800f6
1287735000,62,2,fe9cff82
1287745000,62,3,0110fe5f
1287755000,62,4,01f902c7
1287765000,62,5,fd5dfe5b
1287775000,62,6,ff4f0040
1287785000,62,7,02adffd0
1287795000,62,8,fcfb0029
1287805000,62,9,01d40022
1287815000,62,10,018200ce
1287825000,62,11,fbba004f
1287835000,62,12,0491fe6b
1287845000,62,13,fddf00d1
1287855000,62,14,00f3ff08
1287865000,62,15,ff1100f6
1289745000,62,16,ffa20060
1289755000,62,17,0136005b
1289765000,62,18,fdc9feb4
1289775000,62,19,02e90031
1289785000,62,20,fd6c0151
1289795000,62,21,020affe4
1289805000,62,22,fcda0040
1289815000,62,23,0163fe89
1289825000,62,24,0338fed4
1289835000,62,25,fc200305
1289845000,62,26,01cbfcfe
1289855000,62,27,01a1ffdf
1289865000,62,28,ff5a02af
1289875000,62,29,000cff70
1289885000,62,30,ff3aff7a
1289895000,62,31,008fff93
1291775000,63,0,ffba0016
1291785000,63,1,00de0057
1291795000,63,2,fef2ffeb
1291805000,63,3,005b00be
1291815000,63,4,0004febb
1291825000,63,5,01a8ff01
1291835000,63,6,fc7f0337
1291845000,63,7,0246feeb
1291855000,63,8,ff70ffe6
1291865000,63,9,00d0fdd7
1291875000,63,10,02140245
1291885000,63,11,f9c5007c
1291895000,63,12,053afe65
1291905000,63,13,fecafff5
1291915000,63,14,ffc3011d
1291925000,63,15,ffcaff17
1293805000,63,16,0076ffdd
1293815000,63,17,005f0022
1293825000,63,18,ff530108
1293835000,63,19,0088fdaa
1293845000,63,20,ffbf0096
1293855000,63,21,012c0164
1293865000,63,22,fdcbffc9
1293875000,63,23,000dff50
1293885000,63,24,ff06fe25
1293895000,63,25,047f020a
1293905000,63,26,fd2dfd92
1293915000,63,27,014e004c
1293925000,63,28,001d026c
1293935000,63,29,feb6fe94
1293945000,63,30,01c5ffd9
1293955000,63,31,fee50016
